,word,chinese
0,arduous,adj.费力的，艰巨的
1,revolution,n.革命；重大变革；巨大变化；旋转
2,semester,n.学期
3,scornful,adj.轻蔑的，鄙视的
4,pharmacy,n.药店；药剂学
5,palatable,adj.美味的，可口的；合意的，认可的
6,recall,v.回忆起，回想起；召回，叫回；收回，撤销
7,rash,adj.鲁莽的，轻率的
8,supervise,v.监督；管理；指导；主管
9,press,n.按; 印刷; 出版社; 新闻界; 报刊; 压平; 熨平; 推动
10,solemn,adj.严肃的，庄严的，正式的；郑重的
11,household,adj.家庭的，家用的；家喻户晓的
12,comic,adj.可笑的，滑稽的；喜剧的
13,cushion,vt.起缓冲作用
14,approximate,adj.大约的，近似的
15,botany,n.植物学；植物
16,cooperative,adj.合作的；配合的
17,supersonic,adj.超音速的
18,graze,v.放牧；吃草；擦伤，擦破（皮肤）
19,adaptable,adj.能适应的；可改编的
20,rehearse,v.预演，排练；默诵；照搬，重复
21,texture,n.质地；纹理；结构
22,upheaval,n.剧变，动乱，大变动
23,endorse,vt.（在支票背面）签名；宣传，代言；签署；赞同，支持
24,thesis,n.论文，学位论文；命题，论题
25,capability,n.能力；性能；容量；潜质
26,reform,v.改革，变革；改正，改过自新
27,preponderance,n.优势
28,prone,adj.平卧的，俯卧的；易于做…的，倾向于…的
29,intriguing,adj.引起兴趣（或好奇心）的，吸引人的
30,episode,n.（电视连续剧或无线电广播剧的）一集；一段经历；一段时期；片段，插曲
31,revive,v.（使）苏醒，复活；重新使用；重新上演
32,negate,vt.取消；否定
33,pump,n.泵
34,ferment,n.发酵；动乱，骚动
35,sheath,n.鞘，外壳；（工具的）套；（电线等的）护皮；紧身连衣裙
36,worship,v.崇敬，崇拜（神）；敬仰，热爱
37,roll,v.（使）滚动，转动；卷，绕；（使）摇摆，（使）摇晃
38,gourmet,adj.美味的
39,announce,v.宣布，公布
40,interstellar,adj.星际的
41,spectacular,adj.壮观的，引人注目的
42,elementary,adj.基本的，初级的
43,encase,vt.包住
44,resolve,"v.决心, 决定;（使）分解, 溶解; 决议; 解决（问题、争端等）"
45,mortgage,n.按揭贷款；抵押；抵押证书
46,entourage,n.〈总称〉随从，随行人员
47,immunity,n.免疫力；保护；免除，豁免
48,plankton,n.浮游生物
49,grim,adj.忧愁的，令人沮丧的；严肃的，令人不快的，冷酷的；糟糕的；残忍的
50,boon,n.恩惠，恩赐；益处
51,trench,n.沟，沟渠；战壕；海沟
52,deploy,vt.部署，调度（军队等）；利用
53,slash,v.砍；大幅削减
54,kindle,v.开始燃烧；点燃；激起（兴趣、感情等）
55,clump,n.丛，簇，束；块，团；群，组
56,outweigh,vt.（在重量、价值、影响等上）超过
57,bountiful,adj.慷慨的；大量的，充足的
58,shatter,v.打碎；粉碎，使终结，使破灭
59,liquid,adj.液体的，液态的，流体的；清澈的；流畅的
60,canal,"n.运河; 沟渠; (动植物体内的)管, 道"
61,perspective,n.角度；看法；透视
62,stratum,n.岩层，地层；社会阶层
63,restraint,"n.抑制, 克制; 限制; 约束, 阻止; 约束力; 管制措施; 监禁; 安全装置; 安全带"
64,alloy,vt.使成合金
65,enunciate,v.清晰地发音；表达，阐明
66,deteriorate,v.变坏，恶化；变质
67,reproduce,v.生殖，繁殖；复制；再现
68,innovative,adj.革新的，创新的；富有革新精神的
69,ephemeral,adj.短暂的，转瞬即逝的
70,exhibit,v.展览，展出；显示
71,wintry,adj.冬天（似）的；寒冷的；冷淡的
72,sprout,v.发芽，抽条，生长；迅速出现，涌现出
73,sanitation,n.卫生；卫生设施，卫生设备
74,gamble,v.冒风险；碰运气；以…为赌注
75,specify,v.明确说明；具体指定；详细说明
76,acquiesce,vi.默许，默认
77,diminish,v.减少，减弱，降低；贬低，贬损；轻视
78,pole,n.杆子；地极；磁极
79,laundry,n.洗衣物的活；洗衣店；要洗或洗过的衣服
80,sour,v.（使）变酸；（使）变馊；（使）变坏，恶化
81,endow,v.向（院校、医院等）捐款，捐赠；使具有某种品质
82,cohere,vi.连贯，一致；黏合；齐心协力，团结一致
83,spectator,n.（体育比赛的）观众
84,furious,adj.狂怒的，暴怒的；激烈的，猛烈的
85,release,v.释放；发布，公布；出院
86,sensational,adj.轰动性的，引起哗然的，耸人听闻的；〈口〉极好的，绝妙的
87,slight,"adj.少量的; 轻微的; 极不重要的, 不足道的; 纤细的; 瘦小的; 不结实的; 不牢靠的"
88,liable,adj.有…倾向；有义务的，应负责的
89,swoop,n.突然行动
90,quota,n.配额，限额，定额
91,rhinoceros,n.犀牛
92,hitherto,adv.迄今，至今
93,satire,n.讽刺文学，讽刺作品；讽刺
94,librarian,n.图书馆馆长；图书管理员
95,aberrant,adj.越轨的；异常的
96,velocity,n.速度，速率；高速
97,detergent,n.清洁剂
98,codify,vt.把…编成法典，使法律成文化；整理，系统化
99,blues,n.布鲁斯音乐，蓝调
100,readily,adv.乐意地，欣然地；轻松地，容易地
101,modest,"adj.谦虚的, 谦逊的; 适度的, 适中的; 朴素的; 不太大的, 不显著的, 较小的"
102,liberate,vt.解放；释放
103,singular,adj.单数的；非凡的，突出的；奇特的，异常的
104,series,n.系列，连续；连续剧
105,meantime,n.其时，同时
106,dissimulate,v.掩盖，掩饰，假装
107,mechanize,vt.使机械化
108,transplant,v.移植；移栽；移居，迁居
109,obligate,vt.使负义务，强迫
110,landmark,n.路标，地标；〈喻〉里程碑
111,nicotine,n.尼古丁
112,estate,"n.地产, 财产, 遗产; 庄园; 工业区; 商业区; 住宅区; 阶层, 社会地位; (人生)阶段, 状况"
113,boast,v.自我夸耀
114,laureate,n.桂冠诗人；荣誉获得者
115,bleak,adj.阴冷的；无望的，令人沮丧的；乏味的；荒凉的
116,generalize,v.概括；归纳；推广
117,subsist,vi.存活，生存
118,sequoia,n.美洲杉，红杉
119,evacuation,n.撤离
120,twig,n.嫩枝，小枝
121,juvenile,n.幼体；未成年人，少年
122,lapse,n.失误；失足
123,cashier,n.收银员，出纳员
124,twine,n.细绳
125,crater,n.火山口；坑
126,harmonic,adj.和声的；谐和的；音乐般的
127,rainfall,n.降雨；降雨量
128,subscribe,"v.订阅; 订购; 签署; 签名; 同意, 赞成; 认捐; 捐助"
129,dolphin,n.海豚
130,tenuous,adj.纤细的，稀薄的，脆弱的；（关系、想法、形势等）不确定的，不明朗的
131,marble,n.大理石；（用玻璃、石头等制成的）子弹
132,baffle,v.使困惑，使为难
133,solvent,n.溶剂
134,aviation,n.航空；航空业
135,renaissance,"n.再生; 复兴; [the R-](欧洲的)文艺复兴, 文艺复兴时期"
136,interval,n.间隔；中场休息
137,ethnology,n.民族学，文化人类学
138,gibe,n.嘲弄，讥笑
139,diplomat,n.外交官；有手腕的人
140,ranch,n.牧场
141,slick,adj.光滑的；熟练的；圆滑的，口齿伶俐的；精巧的，巧妙的
142,derivation,n.（词语）起源，出处，派生
143,vital,adj.至关重要的，生死攸关的，有活力的，充满生机的
144,nonverbal,adj.非语言的
145,ripe,adj.熟的；成熟的
146,moderate,adj.适度的；温和的；中等的
147,aria,n.独唱曲，咏叹调
148,gull,n.鸥，海鸥
149,allay,vt.减轻，减少
150,suburb,n.市郊，郊区
151,credentialism,n.文凭主义
152,muscular,adj.肌肉的，肌肉发达的，强健的，强壮的
153,acronym,n.首字母缩写词
154,pottery,n.陶器；陶器厂，制陶作坊；制陶工艺，陶器制造术
155,metallic,adj.金属般的；有金属味（或声音）的；金属制的；含金属的
156,spiny,adj.长满刺的，多刺的，带刺的；棘手的
157,humid,adj.湿的，潮湿的；湿润的
158,urban,adj.城市的，市内的
159,casualty,n.伤亡事故；伤亡（人员）
160,canopy,n.天篷；罩盖，遮篷；天蓬似的树阴
161,sneaker,n.鬼鬼祟祟的人，卑鄙者；运动鞋
162,concentrate,v.专心于，全神贯注；集中，聚集
163,playwright,n.剧作家
164,mar,vt.损坏，损毁
165,finalize,vt.使完成；把…最后定下来；定稿
166,utmost,adj.最大限度的
167,intact,adj.无损伤的，完整的
168,deception,n.骗局；诡计；欺骗，欺诈
169,lust,n.性欲；强烈的欲望
170,substantial,adj.大量的；相当程度的；重大的；实质的；基本上的，大体上的
171,newsprint,n.新闻纸
172,pesticide,n.杀虫剂，农药
173,deem,v.认为；视为；相信
174,cornerstone,n.墙角石，奠基石；基础
175,scurry,vi.急跑，疾行
176,crow,n.乌鸦
177,artifact,n.人工制品，手工艺品
178,subdue,v.制伏，征服；抑制，克制
179,urbanization,n.都市化
180,male,adj.雄的，公的；男性的
181,delirium,n.精神错乱，神志失常
182,magma,n.岩浆
183,crew,n.全体船员; 全体乘务人员; 全体机务人员; 一队(或一组)工作人员; 一群人
184,rush,v.（使）急速行进；仓促行事；猛攻；猛冲；急速流动，奔腾
185,bureaucracy,n.官僚制度；官僚作风
186,outermost,adj.最外边的；最远的
187,scarf,n.围巾，披巾，头巾
188,fungi,n.［fungus的复数］真菌
189,ammonia,n.氨，氨水
190,sewage,n.污水，污物
191,sore,"adj.疼痛的, 酸痛的; 痛心的; 恼火的, 愤慨的; 紧迫的, 极度的"
192,overseas,adj.外国的；海外的
193,tribal,adj.部落的，宗族的；种族的
194,feast,n.节日；盛宴，宴会
195,intelligence,"n.才智, 智力; 情报; 情报机构; 智能"
196,clan,n.家族，宗族，氏族；帮派
197,mint,n.薄荷，薄荷糖；铸币厂；大量的钱
198,scrutinize,v.仔细检查，细察
199,glue,n.胶；胶水
200,memo,n.备忘录
201,cable,n.缆绳，钢索；电缆；电报；有线传输系统
202,antibiotic,n.抗生素
203,formidable,adj.可怕的；令人敬畏的；难对付的
204,milieu,n.出身背景；社会环境
205,incursion,n.袭击，突然入侵；介入
206,rotational,adj.旋转的；轮流的
207,figure,n.身材，体形；轮廓；数字；图形，图表；人物，人士
208,pragmatic,adj.务实的，注重实效的，实用的
209,reciprocity,n.互惠，互助；互惠主义
210,afflict,vt.使苦恼，折磨
211,mandatory,adj.强制的，法定的，义务的
212,decent,"adj.得体的; 适当的; 体面的; 正派的; 过得去的, 尚可的, 还好的; 合乎地位的, 像样的"
213,spellbind,"vt.迷住, 使入迷; 用符咒迷惑"
214,discord,n.不一致；不和，纷争；（音调的）不和谐
215,overgraze,v.过度放牧
216,adhesive,n.胶合剂
217,deform,v.（使）变形
218,receptive,adj.（对…）接受得快的；善于接受的，能接纳的
219,excursion,n.远足；短途旅行
220,luster,n.光亮，光泽；荣耀
221,bump,n.撞击，碰撞；隆起，凸块；肿块
222,glaze,n.釉料；糖浆
223,rivalry,n.竞争；敌对
224,abut,v.邻接，毗邻
225,sloth,n.树懒；懒散，怠惰
226,filter,n.筛选，过滤；滤器
227,liberal,"adj.开明的; 不严格的, 自由的, 开放的; 自由主义的; 慷慨的; 人文的"
228,context,n.背景，环境；上下文，语境
229,superintendent,n.主管，负责人；指挥者，管理者；警长
230,wretch,n.不幸的人；恶棍，无赖
231,stunt,vt.阻碍生长；遏制
232,rub,n.擦，摩擦
233,deviant,adj.不正常的，越出常规的
234,situated,adj.坐落在…的；处于…境地的
235,trample,v.踩踏；践踏（尊严、权利等）
236,quantify,v.定量；量化
237,chagrin,n.懊恼，失望
238,zone,vt.将…划做特殊区域；分区，划分地带
239,abiding,adj.持久的，永久的
240,elapse,v.（时间）流逝
241,vegetative,adj.植物（性）的；有生长力的
242,laboratory,n.实验室，研究室
243,apprehend,vt.逮捕；领会，理解
244,irrigate,vt.灌溉；冲洗（伤口或身体部位）
245,metropolitan,adj.大城市的；大都会的；本土的
246,audition,n.旁听；试演
247,smelt,v.熔炼（金属）；smell的过去式和过去分词
248,alumnus,n.校友
249,productive,adj.多产的，高产的；富有成效的
250,dexterous,adj.惯用右手的；灵巧的，熟练的
251,naked,adj.裸露的，无遮盖的；直白的，露骨的，不加掩饰的
252,effluent,n.流出物，废水，污水
253,wither,v.（使）枯萎，凋谢；萎缩；（尤指渐渐）破灭，消失
254,descriptive,adj.描述性的，叙述的
255,hazard,n.危险；危害；风险
256,reign,n.君主统治时期；任期
257,yelp,v.尖叫
258,diffusion,n.散布，扩散；传播
259,disparate,adj.迥然不同的
260,multitude,n.众多，大量；群众，大批百姓
261,outlive,vt.比…长命，比…耐久
262,vegetarian,n.素食者
263,shrub,n.灌木
264,tribute,n.致敬，颂词；悼念；致哀；贡品，贡金
265,tornado,n.飓风，龙卷风
266,proprietor,n.所有者，业主
267,dissolve,v.溶解；解散；解除
268,diversion,n.转向，转移；偏离；绕行路线；消遣，娱乐
269,balcony,n.阳台；（剧院的）楼座
270,fort,n.要塞；堡垒；兵营，军营
271,dominant,adj.首要的，主导的，占优势的；显著的；（基因）显性的
272,grasshopper,n.蝗虫；蚱蜢；蚂蚱
273,medal,n.奖牌，奖章
274,glitter,vi.闪烁，闪耀
275,revolt,v.反叛，反抗；违抗；（使）厌恶，（使）反感
276,humidity,n.（空气）湿度；湿气；湿热
277,critique,n.批评，评论
278,silversmith,n.银匠；银器商人
279,indifference,n.冷漠，不关心
280,emigrate,v.移居，移民至国外
281,seal,"v.密封, 封住; 盖印; 封锁"
282,exotic,adj.外来的，来自异国的；奇异的
283,swirl,n.漩涡；螺旋形（物体）
284,quiver,v.轻微颤动，抖动；抽动，哆嗦
285,brochure,n.小册子，说明书
286,mismanage,vt.对…管理不当，处理不当
287,pursuit,n.追求；追赶；嗜好，消遣，娱乐
288,prime,"adj.首要的, 主要的; 最初的; 基本的; 最好的; 头等的, 第一流的; 青春的; 精力旺盛的; [数]素数的"
289,dismiss,v.不考虑，不理会；解雇；遣散；驳回，拒绝受理
290,mosquito,n.蚊子
291,deficit,n.不足额；赤字，逆差
292,decompose,v.腐烂；（使）分解
293,nurture,vt.养育，养护，培养；扶植，支持；滋长，助长
294,ordinal,adj.序数的；顺序的
295,genetic,adj.基因的，遗传（学）的
296,syrup,n.糖浆
297,scuba,n.水中呼吸器，水肺
298,submarine,n.潜水艇
299,applicable,"adj.适用的, 可应用的; 合适的"
300,portrait,"n.肖像, 画像; 描绘; 写照; 竖排格式"
301,advisory,adj.顾问的，咨询的；劝告的
302,shell,n.壳，外壳；贝壳；（房屋）框架；炮弹
303,debut,"n.(演员、运动员等的)首次登台, 初次亮相; (新事物的)问世"
304,seep,v.漏出，渗漏
305,compatible,adj.可共用的；兼容的；可共存的；关系好的，和睦相处的
306,concern,vt.涉及，关系到；使关心，使担忧
307,conjure,"v.念咒召唤; 使…变戏法般地出现(或消失); 变戏法, 变魔术"
308,beverage,n.饮料
309,monopoly,n.垄断；专营服务；垄断商品，专卖商品；独占，专利（品）
310,rancher,n.牧场主；大农场（或牧场）工人
311,feat,n.功绩，壮举
312,saddle,n.马鞍；（自行车的）车座
313,constrain,vt.束缚，限制
314,oratorio,n.清唱剧，宗教剧
315,practical,adj.实际的，实用的
316,stew,n.炖菜，煨的菜
317,fumigate,vt.烟熏，香薰（以灭虫或消毒）
318,offspring,n.子女，后代；幼崽；幼苗
319,solitary,adj.孤独的；单独的，独自的；单个的；唯一的，仅有的
320,plate,n.盘子；（金属）板条，板材；号码牌
321,stimulus,n.刺激（物），激励，促进因素
322,shed,vt.抛弃；摆脱；流出；散发；发出（光等）；脱落
323,sulfur,"n.硫, 硫磺"
324,mold,n.霉菌；模型
325,stuff,v.填满，塞满
326,reversible,adj.可逆的，可翻转的；正反两用的，可恢复原状的
327,impose,"v.推行, (强制)执行; 把…强加于; 迫使接受; 征(税); 利用, 占便宜; 欺骗; 施加影响"
328,tuition,n.（尤指大专院校或私立学校的）学费；讲授；教学；指导
329,nourishment,n.营养，滋养品，养料
330,perch,n.（鸟的）栖木，栖息处；高处；鲈鱼
331,compel,v.强迫，迫使
332,conductivity,n.传导性；传导率
333,ornament,n.装饰，装饰物
334,mural,n.壁画，壁饰
335,magnitude,n.巨大，广大； 重大，重要； 量级； （地震）级数；星等，星球的亮度
336,quash,vt.撤销，废止；镇压；平息
337,imprecise,adj.不精确的；不严密的
338,quasar,n.类星体
339,primal,adj.最初的；主要的，首要的
340,formula,"n.公式; 方程式; 准则, 法则; 方案; 配方; 配方奶; 惯用语句"
341,alchemist,n.炼金术士
342,lace,n.饰带，花边，缎带，鞋带
343,uppermost,adj.最高的，最上面的；最重要的
344,drill,v.钻（孔），打眼；训练
345,mortify,vt.使蒙受屈辱，使难堪
346,falcon,n.猎鹰，隼
347,aquatic,adj.水生的；水上的
348,scratch,v.划伤；挠；取消
349,stir,v.搅动，搅拌，搅和；煽动，挑起；稍稍活动
350,paraphrase,n.释义
351,prose,n.散文
352,insect,n.昆虫，虫
353,prohibit,v.禁止，阻止
354,spacecraft,n.航天器，宇宙飞船
355,rectify,v.矫正；纠正；改正
356,kerosene,n.煤油，火油
357,brand,n.品牌；类型；烙印
358,melodic,adj.旋律的，曲调的；音调优美的
359,skull,n.颅骨，头骨；脑袋；头脑
360,fervor,n.热情，热烈
361,ecology,n.生态；生态学
362,court,"n.法庭; 法院; 全体法官(审判员); 审判庭; 球场; 朝廷; 宫廷; 院子; 殷勤; 追求, 求婚"
363,disperse,v.（使）分散，散开；疏散，驱散；散布，传播
364,cartilage,n.软骨（组织）
365,visualize,v.想象，使形象化；构思
366,disrepute,n.坏名声，不光彩
367,commute,v.（乘公交车）上下班往返，经常往返；代偿；减刑
368,perceptual,adj.感知的，知觉的
369,overflow,v.溢出；挤满；扩展出界
370,concomitant,adj.伴随的
371,unaided,adj.未受协助的，独立的
372,reinforce,v.加强，加固；强化
373,multiple,adj.许多，多种多样的，多重的
374,despondent,adj.垂头丧气的，沮丧的
375,obsolete,adj.过时的；废弃的
376,vent,n.通风口；出口
377,haphazard,adj.偶然的，任意的；无计划的，无秩序的
378,critic,n.批评家，评论家
379,recycle,vt.回收利用，再应用
380,riddle,n.谜；谜语；难解之谜；粗筛
381,authorize,vt.授权；批准，许可
382,assert,v.明确肯定，断言；主张，坚持；坚持自己的主张
383,verifiable,adj.可证实的，可核实的
384,coexist,vi.共存
385,gentility,n.有教养，文雅
386,associate,v.联系，联想
387,refreshing,adj.使人耳目一新的；提神的，使人精神振作的
388,span,n.一段时间；全长，距离
389,pasture,n.牧场; 牧草; 放牧; 退休; 退休地
390,bias,n.偏见，偏心
391,curl,v.弄卷，卷曲，弯曲
392,ultimatum,n.最后通牒
393,uniformity,n.同样，一致；一致性
394,culpable,adj.有罪的；该谴责的，难辞其咎的
395,innate,adj.天生的，固有的；内在的，直觉的
396,glorify,v.吹捧，吹嘘；美化；颂扬，赞美
397,curtsy,n.屈膝礼
398,magnet,n.磁体，磁铁；有强大吸引力的人或物
399,orient,"v.(使)朝向; 给…定向; 以…为方向; 以…为目的, 重视; 使熟悉; 使适应"
400,drench,vt.使湿透
401,dazzling,adj.令人眼花缭乱的，耀眼的
402,telescope,"v.（使）叠套缩短, 精简"
403,meteorologist,n.气象学者
404,instrument,n.乐器；工具；仪器，器械
405,fauna,n.动物群
406,automatic,adj.自动的
407,embargo,n.禁止贸易令；禁运
408,haven,n.港口；庇护所，避难所；栖息处
409,penmanship,n.书法
410,amid,prep.在…中，被…围绕
411,imaginative,adj.富有想象力的；创新的
412,decipher,vt.破译
413,merchant,n.商人; 批发商; (尤指)外贸批发商; (某活动的)爱好者
414,utilize,v.利用；使用
415,continuum,n.统一体
416,sprinkle,v.撒，洒，喷
417,token,n.象征，表征，标志；代币；代金券，礼券
418,recession,n.（经济的）衰退，衰退时期，萧条时期；撤回，退回
419,symmetry,n.对称；相似；相等
420,downward,adv.向下，往下
421,crooked,adj.不诚实的；欺诈的；弯曲的
422,frenzy,n.狂暴，狂热，疯狂
423,propel,v.推进，推动；驱使；迫使
424,quote,v.引述，引用；报价
425,intervening,adj.介于中间的，发生于期间的
426,transport,n.运输，运输工具
427,microorganism,n.微生物
428,empress,n.女皇，皇后
429,radiation,n.辐射，放射
430,sunlit,adj.阳光照射的
431,lavish,vt.慷慨给予，滥用；浪费，挥霍
432,blast,n.爆炸；冲击波；强风；巨响，响声；严厉批评
433,sexism,n.性别歧视
434,debt,"n.债务, 欠款; 负债状态; 义务; 恩义"
435,dialect,n.方言
436,catalog,n.目录（＝catalogue）
437,merchandise,n.商品；货品
438,grain,n.谷物; 谷粒; 颗粒; 一点儿; 纹理; 晶粒
439,attire,n.穿着，服饰
440,banner,n.横幅；口号
441,setback,n.挫折，阻碍；倒退
442,maze,n.迷宫；复杂难懂的细节；困惑，迷惘
443,bison,n.美洲（或欧洲）野牛
444,alkali,n.碱
445,journal,n.杂志，期刊；日记
446,indigenous,adj.本地的，本土的；土产的；土著的
447,rustproof,adj.不锈的
448,cubism,n.立体派；立体主义
449,injurious,adj.侮辱的，诽谤的；造成伤害的，有害的
450,orbit,n.轨道，轨迹；势力范围
451,wit,n.智力; 头脑; 理解力; 风趣; 风趣的话语; 智者; 才子
452,scroll,n.卷轴；纸卷，画卷；名册
453,disrupt,vt.使中断；扰乱；使分裂，使瓦解
454,counteract,vt.消除；抵消
455,recreation,n.消遣，娱乐
456,melodious,adj.旋律优美的，悦耳的
457,meridian,n.子午线，经线
458,ellipse,n.椭圆，椭圆形
459,sedimentary,adj.沉积的，沉淀性的
460,assistance,n.帮助，援助
461,folkway,n.社会风俗
462,epidemic,"n.流行病; 流行, 传播; 流传, 盛行"
463,lope,vi.轻松地大步跑
464,descent,n.下落，下降，下坡路；血统，出身，家世
465,assemble,v.聚集，集合；装配
466,vivify,vt.赋予生气；使生动，使活跃
467,tangible,adj.可触摸的，可感知的；明确的，确凿的；有形的，实际的
468,staunch,adj.坚定的，忠诚的
469,muse,v.沉思，默想，冥想
470,furnish,vt.提供，供应；布置，为…配备家具
471,informant,n.提供消息或情报的人，线人；（为研究）提供资料的人；合作者
472,steady,adj.稳定的，稳固的，沉稳的；持续的，规则的
473,mount,"v.登上(山等); 骑上(马、车)等; 增加, 增长; 上升; 安装; 镶嵌; 裱贴; 开展; 举行"
474,oppressive,adj.压迫的，压制的；令人焦虑的
475,hue,n.颜色；色度，色调；信仰，观点；形式，样子
476,fabulous,adj.寓言式的；难以置信的；极好的
477,disconcert,vt.使惊慌，使不安；使困惑
478,feign,vt.装作，假装；伪造
479,tortuous,adj.折磨人的，令人痛苦的；曲折的，蜿蜒的；含混不清的，拐弯抹角的
480,pretension,n.自命不凡；虚荣；声称，标榜；要求，主张
481,swamp,n.沼泽地，湿地
482,cardinal,"adj.最重要的, 基本的, 鲜红的"
483,prudent,adj.谨慎的；精打细算的
484,aftermath,n.后果，余波
485,mound,n.土墩，土丘；堆，垛
486,eradicate,vt.根除，灭绝
487,succumb,vi.屈服，屈从；（因…）死亡
488,strip,n.（纸、布、食物等的）条，带；狭长区域
489,audit,vt.旁听；审计
490,authentic,adj.真正的，真实的；逼真的；可靠的
491,varnish,vt.上清漆
492,photodissociation,n.光解（作用）
493,landslide,n.山崩，塌方；压倒性胜利
494,naturalist,n.自然主义者；博物学家
495,fabric,n.结构；布料，织物
496,assimilate,v.透彻理解，吸收，消化；（使）同化
497,patron,n.赞助人，资助人；老主顾，常客
498,predator,n.捕食性动物，食肉动物；掠夺者，剥削者
499,miserable,adj.悲惨的，痛苦的，令人不快的
500,modeling,n.立体感；建模，造型
501,neuron,n.神经元，神经细胞
502,periodical,n.（学术）期刊
503,moss,n.苔藓；地衣
504,impetus,n.促进，推动；刺激；推动力
505,astute,adj.机敏的，精明的
506,notch,n.等级，档次；（边缘或表面的）圆形切口
507,symbol,n.象征，象征物；符号，标志
508,underscore,"v.强调, 在…下面划线"
509,prolonged,adj.长期的，持久的
510,practicable,adj.可行的
511,assent,n.同意，赞成
512,rancorous,adj.怨恨的，满怀恶意的
513,noted,"adj.著名的, 有声望的"
514,blade,n.刀刃，刀片；叶片；草叶；桨叶
515,synchronize,v.（使）同步，同时发生
516,postage,n.邮资，邮费
517,readability,n.可读性
518,superb,adj.极佳的；卓越的；质量极高的
519,confidant,n.知己，密友
520,wedge-shaped,adj.楔形的
521,relegate,vt.使贬职，使降级；放逐，贬谪
522,patriarch,n.家长，族长
523,capillary,n.毛细血管
524,triple,v.（使）增至三倍
525,precede,v.先于，（发生、走）在…前面
526,tract,"n.(连通身体组织或器官的)道, 束; 地带, 大片土地; 小册子"
527,impulse,n.冲动，心血来潮；脉冲；冲击；冲量；推动力；刺激
528,willow,n.柳树，柳木制品
529,flavor,n.风味，滋味；调味品
530,severe,adj.严重的，严峻的；剧烈的；严厉的，严格的
531,scavenger,n.捡破烂的人，拾荒者；食腐动物
532,compact,adj.小型的；袖珍的；紧凑的
533,inactivate,vt.使不活动，使不活跃
534,authority,"n.当局; 当权者(或机构); 专家; (学术)权威; 管辖权; (授予的)权, 权力; 威信, 影响力; 说服力"
535,rental,adj.租用的；出租（业）的
536,respond,v.回复；反应，响应；应对
537,opponent,n.对手，敌手；反对者
538,neon,n.氖；霓虹灯
539,explicit,adj.清楚明白的；易于理解的；明确的；直言的
540,lease,n.租约，租契，租期
541,deceitful,adj.欺诈的，惯于欺骗的，不诚实的
542,dupe,n.上当者
543,etiquette,n.礼节，礼仪
544,enslave,vt.奴役
545,delectable,adj.美味可口的；有吸引力的；令人喜爱的，赏心悦目的
546,irony,n.反话，讽刺，嘲弄；具有讽刺意味的事
547,distinguish,v.区别，辨别；（特质或特征）使有别于
548,cargo,n.（船或飞机装载的）货物
549,intermediate,adj.中级的；中间的
550,rectangle,n.长方形，矩形
551,wreck,vt.使失事；破坏（destroy）
552,respire,v.呼吸
553,infectious,adj.传染的，感染的；患传染病的；有传染力的；有感染力的
554,rekindle,vt.重新点燃；使振作
555,dissolute,adj.放荡的，放纵的，道德沦丧的
556,instinctual,adj.本能的
557,mountainous,adj.多山的；巨大的，山一般的
558,authoritative,adj.官方的；权威性的，可信的；专断的，命令式的
559,abolish,vt.废止，革除
560,beneficent,adj.有益的；行善的，慈善的
561,secrete,vt.分泌；藏匿，躲藏
562,suspend,v.推迟；暂停；取消；悬挂
563,incorporate,v.包含，把…包括在内；（使）合并，并入，吸纳；注册成立
564,tissue,n.(人、动植物细胞的)组织; 纸巾; 绵纸
565,hieroglyph,n.象形文字，象形符号
566,summit,n.最高点；顶点；山顶；首脑会议；峰会
567,equator,n.赤道
568,refrigerate,vt.冷冻，冷藏；使冷却，使变冷
569,enzyme,n.酶，酵素
570,tenet,n.原则；信条；教义
571,bulb,n.（植物的）鳞茎；鳞茎状物；灯泡
572,engulf,vt.吞没
573,daylight,n.日光；白昼
574,dispersal,n.疏散；散布，散开
575,sediment,n.沉淀物，沉积物
576,audio,adj.音频的；声音的
577,undertake,v.着手做，从事，承担； 承诺；保证
578,immutable,adj.不可改变的，永恒不变的
579,cavern,n.大洞穴，大山洞
580,predispose,v.使倾向于，使较可能（有某种行为或思想）；（使）易受感染（或患病）
581,sole,adj.唯一的，仅有的；独占的
582,breach,n.违背；破裂；缺口
583,ensconce,vt.使安顿，安置，使安坐
584,throng,n.一大群人
585,simplify,v.简化；使易懂；使简洁
586,sharply,adv.尖刻地，严厉地；急剧地；清楚地，明显地；敏锐地；时髦地
587,ratio,n.比；比率；[数]比例
588,squander,vt.浪费，挥霍（时间、金钱等）
589,sensual,adj.感觉的，感官的；肉欲的；耽于感官享受的
590,terminology,n.术语
591,tube,"n.管, 管子, 管状物, 道, 电视, 地铁"
592,havoc,n.混乱，大破坏
593,startling,adj.惊人的，令人吃惊的
594,chunk,n.厚片，大块；相当大的部分（或数量）；矮胖的人（或物）
595,fresco,n.湿壁画；湿壁画技法
596,twinkling,n.瞬间，一眨眼
597,stray,v.迷路，走失；偏离正题；走神
598,bestow,v.授予，献给
599,swing,v.摇摆；旋转；动摇；（使）突然转向，突然转身
600,inherent,adj.内在的，固有的
601,patent,n.专利权
602,applaud,v.拍手喝彩；称赞，赞赏
603,haul,v.（用力）拉，拖（重物）
604,elongate,v.延长，伸长
605,collaborative,adj.合作的，协作的
606,layout,n.布局，安排，设计
607,seismograph,n.地震仪，测震仪
608,zigzag,vi.曲折行进
609,sledding,n.坐雪橇，进展
610,drawback,n.缺点，弱点；不利条件
611,towering,adj.高耸的；杰出的
612,jewelry,n.〈总称〉首饰；珠宝
613,luminosity,n.亮度，发光度；光明
614,deduct,vt.扣除，减去；推论，演绎
615,inflate,v.（使）充气，膨胀；鼓吹，吹捧；（使）涨价
616,nominal,adj.名义上的；（费用等）微不足道的
617,spew,v.喷涌；射出；呕吐，呕出
618,mosaic,n.马赛克；镶嵌工艺
619,uncanny,adj.神秘的；异乎寻常的
620,consistency,n.浓度，密度；一致性，协调；连接，结合
621,artistic,adj.艺术的
622,attain,vt.达到；获得
623,decadent,adj.堕落的，颓废的
624,orbital,adj.轨道的
625,outrageously,adv.令人不能容忍地；肆无忌惮地
626,gorge,v.狼吞虎咽
627,fabricate,v.制造；编造；捏造；装配
628,quartz,n.石英
629,torpor,n.迟钝；死气沉沉
630,corpus,n.文集，文献，汇编；语料库
631,deprive,v.剥夺；免职（特指圣职）
632,residue,n.剩余物，残余物；（扣除税款、债款等后的）剩余遗产
633,elasticity,n.弹力；弹性
634,salon,n.沙龙；营业性的厅（或院等）；美容院，时装店；会客厅
635,clasp,v.握紧，抓紧；抱紧
636,manipulate,v.熟练地操作，使用；（暗中）控制，操纵
637,pitch,"n.沥青; 音高;  说教; 广告语; 宣传; 运动场地, 比赛场地; [感情或活动的]激烈, 强烈; 投球; [船或飞机的]颠簸; [屋顶的]斜度, 坡度"
638,depict,vt.描述; 描绘; 描写; 描画
639,discharge,v.允许离开（医院、军队）；排出，放出
640,anatomy,n.解剖（学）；解剖构造；剖析；身体
641,hybrid,adj.杂交产生的；混合的，合成的
642,yogurt,n.酸奶（酪）
643,outlaw,v.宣布…不合法；使…成为非法；剥夺（某人）法律权益
644,statue,"n.雕像, 塑像, 铸像"
645,automobile,n.汽车
646,casual,adj.漫不经心的，随便的；非正式的；临时的；碰巧的；不定期的，偶尔的
647,derivative,adj.派生的，引出的；无创意的
648,vice,"n.邪恶, 堕落; 缺点, 弱点; 恶习; 虎钳"
649,overact,v.把（角色）表演得过火；表现做作
650,journalism,n.新闻业，新闻工作
651,salamander,n.蝾螈
652,adversary,n.对手，敌手
653,electrolysis,n.电解作用；电解术
654,zest,n.趣味；热情，狂热
655,influenza,n.流行性感冒
656,constricted,adj.狭窄的；收缩的；抑制的，约束的
657,conform,v.顺从；遵从；随大流；一致
658,invalid,adj.（法律上）无效的，不合法的；（观点）站不住脚的
659,acting,adj.代理的
660,dominate,v.支配，统治，控制；俯视；占据优势
661,restoration,n.恢复；整修，修复；复位，复原；归还
662,soothe,vt.缓和，减轻；抚慰，安慰
663,accord,n.协议；条约
664,molten,adj.熔化的，熔融的
665,maize,n.玉米
666,legislate,v.制定法律；通过立法
667,rouse,vt.唤起，唤醒；激起，鼓舞；激怒
668,patriot,n.爱国者
669,notwithstanding,prep.虽然；尽管
670,intrude,vi.侵入，闯入；打扰，侵扰
671,constant,adj.经常的，不变的
672,protagonist,n.（戏剧、故事、小说中的）主角，主人公；领导者，倡导者
673,engraving,n.雕刻术，刻版术；版画
674,soak,v.浸泡，浸湿，浸透
675,ridge,n.脊；山脊，山脉；高压脊；隆起物
676,tragic,adj.悲剧的，悲惨的，可悲的
677,scholar,n.学者；奖学金获得者
678,moral,adj.道德（上）的，有道德的，精神的
679,flask,n.细颈瓶，烧瓶，小水瓶
680,rust,v.（使）生锈
681,tangent,n.切线；正切
682,statesman,n.政治家
683,testimony,n.证词；证据，证明
684,edible,adj.可食用的
685,deport,vt.驱逐出境
686,taut,adj.绷紧的；肌肉结实的；结构严谨的，紧凑的
687,haunt,v.（鬼魂）出没；（不快的事情）萦绕于脑际；长期不断地缠扰（某人）
688,rear,adj.后面的；后部的
689,shovel,n.铲；铲斗；一铲的量
690,interweave,v.交织，编结
691,arthritis,n.关节炎
692,abrasion,n.表面磨损
693,embark,v.上船（或飞机、汽车等）；开始从事
694,suction,n.吸，抽吸：吸力
695,superstitious,adj.迷信的，受迷信思想支配的
696,eject,v.逐出，赶出；弹出，弹射出；喷出
697,beam,n.光线，光束；射束；横梁；眉开眼笑
698,absorption,n.吸收；并入，同化；专心致志，全神贯注
699,topography,n.地形学；地形，地貌
700,sinuous,adj.蜿蜒的；迂回的
701,grasp,v.抓住，紧握；领会
702,collective,adj.集体的，共同的
703,varied,adj.各式各样的
704,split,vt.(过去式&过去分词:split)劈开; 切开; 撕裂; 分担; 分得; 使分裂; 使不团结; [化]分解; [核]使产生核裂变
705,tableland,n.高原，台地
706,breeze,n.微风，和风
707,pernicious,adj.有害的，恶性的
708,well-heeled,adj.富有的，有钱的
709,motto,n.座右铭；箴言，格言
710,puritanical,adj.清教徒式的；道德上非常拘谨的
711,monotony,n.单调，千篇一律
712,pose,n.姿势，姿态；装模作样
713,diction,n.发音；措辞，用语
714,circular,adj.圆形的，环形的；环行的，绕圈的；循环论证的；大量送发的
715,maglev,n.磁力悬浮火车
716,periphery,n.外围，边缘
717,poster,n.海报，招贴画；（在网络留言板上）发布消息的人
718,gulf,n.海湾；分歧，隔阂，鸿沟
719,myriad,n.无数；大量
720,rugged,adj.崎岖的，凹凸不平的；（生活）艰难的；粗犷的；结实的，耐用的；粗野的，不文雅的
721,wrap,v.（用纸、布等）包，裹；（用手、脚）围住
722,philosophy,n.哲学；哲学体系，思想体系；人生观，人生哲学
723,stipulate,v.规定，明确要求；（以…为条件）约定
724,pathetic,adj.可怜的，悲哀的；无用的，糟糕的；懦弱的
725,adhere,v.黏附，附着；坚守，遵守
726,maternal,adj.母亲的，母系的
727,dedicate,v.献出；题献词；致力于
728,crustal,adj.外壳的，（尤指）地壳的
729,durable,adj.持久的，耐用的
730,turmoil,n.骚动，混乱；焦虑
731,cohesion,n.凝聚（力）；团结
732,paddle,n.桨；桡足
733,disposal,n.处理; 解决; 清除; 去掉; 赠送; 转让; 出售; 排列; 布置
734,ruthless,adj.残酷无情的；残忍的
735,inflation,n.膨胀；通货膨胀；充气
736,numerous,adj.为数众多的，许多的
737,subjective,adj.主观的，个人的
738,potassium,n.钾
739,bronze,n.青铜；青铜色，青铜制品
740,degenerative,adj.衰退的，堕落的；（疾病等）变性的
741,susceptible,adj.敏感的; 过敏的; 易动感情的; 易受影响的; 可能有…的
742,besiege,vt.包围；使应接不暇
743,anchor,v.抛锚；使固定；（使）扎根，（使）基于；主持（电视、广播节目等）
744,concise,adj.简明的，简练的
745,amble,vi.缓行，漫步
746,anguish,n.极度痛苦
747,revere,vt.尊敬，敬畏
748,concentric,adj.同心的
749,timber,"n.木料; 林木; (人的)素质, 才干"
750,convention,n.惯例；习俗；会议；国际公约
751,transaction,n.交易，生意；处理，办理
752,compromise,"n.妥协, 互让了结; 和解(协议); 折中状态; 折中(办法)"
753,stem,n.茎，干，梗；词干；血统
754,overrun,v.超过，溢出；泛滥；横行
755,boost,vt.提高 推进；替…做广告，宣扬
756,acquisition,"n.(技能、习惯或品质的)习得, 培养; (一家公司对另一家公司的) 收购; 资产获得, 获得物"
757,soluble,adj.可溶的；可解决的
758,realm,n.领域，范围；王国，国度
759,grievous,adj.令人忧伤的；极严重的
760,afoul,adv.相抵触，有冲突
761,surmise,v.推测，猜测
762,imperial,adj.帝国的，帝王的；至尊的；专横的
763,heading,n.标题，题目，主题
764,malnutrition,n.营养不良
765,flake,n.小薄片，碎片；古怪的人
766,resolute,adj.坚决的；有决心的
767,annul,vt.宣布无效，取消，废除
768,somewhat,adv.稍微，有点
769,shortage,n.不足，缺少，短缺
770,segment,n.段；部分；片；弓形
771,radiate,v.（光、热等）辐射，发射；流露，显示；自中心向各方伸展
772,exalted,adj.崇高的，高贵的，显赫的
773,indecipherable,adj.无法破译的；难以领悟的
774,trial,"n. [法]审讯, 审判; 试验; 试用; 磨难, 考验; 尝试, 努力; [体]选拔赛"
775,receptacle,n.容器；插座
776,racing,adj.比赛的
777,wax,v.给…打蜡；（月亮）渐满
778,blaze,n.火焰，烈火；（感情的）迸发
779,bequeath,vt.遗赠；流传
780,empiricism,n.经验论，经验主义
781,repel,v.使恐惧；使厌恶；击退，驱逐；排斥；相斥
782,pointed,adj.尖的，尖角的；尖锐的，尖刻的
783,rustic,adj.乡村的；淳朴的；用粗糙木材制作的
784,partial,adj.部分的；偏袒的，偏爱的
785,strike,"vt.击, 打; 击中; 撞击; (疾病等)侵袭; 进攻; 使突然想起; 给…以印象; 使受吸引; (光)照到…上; 擦(火柴); 偶然发现; 达成; 达到; (钟等)敲响报时; 罢工; 摆出…姿态; 删除, 划掉; 铸造; 开采出"
786,thrust,v.猛推；挤；插；戳，刺
787,lore,n.学问学识；传说，传统
788,subversive,adj.颠覆性的，破坏性的
789,brisk,adj.（天气）清新的；敏捷的，活泼的
790,arboreal,adj.树栖的；树木的
791,intentional,"adj.故意的, 有意的, 存心的"
792,asset,n.资产，财产；有价值的人（或物）；长处，优点
793,asteroid,n.小行星
794,fracture,n.骨折，断裂；破裂
795,enactment,n.（法律、法案、法令等的）制订，颁布；法律，法规
796,obstruct,vt.妨碍，阻挠；阻塞
797,preserve,v.保护；保持，保存；保养；保鲜；腌制
798,quotation,n.引语，语录；报价
799,oyster,n.牡蛎，蚝
800,symphony,n.交响乐；交响曲
801,idiom,n.习惯用语；术语；（在艺术上所表现的）风格，特色
802,diminution,n.减少（量），缩减（量）
803,pivot,n.枢轴；中心点；核心
804,recessive,adj.隐性的
805,ailment,n.小病
806,execute,v.处决；执行，实行；完成
807,linger,v.停留，逗留；徘徊；继续存留；缓慢消失
808,sidebar,n.补充报道
809,simile,n.明喻
810,vibrate,v.（使）颤动，（使）振动
811,align,v.（使）结盟；排整齐；校准；使一致
812,magnesium,n.镁
813,entitle,v.给予…权利；给…命名
814,groom,v.（给动物）刷洗；（给…）梳理毛友；培养，训练
815,brag,v.吹嘘，自夸，自吹自擂
816,breed,n.品种; 类型
817,deter,v.威慑，阻止
818,validate,vt.使有效，使生效；证实
819,ardent,adj.热心的，热情洋溢的；强烈的
820,eviscerate,vt.取出内脏；除去主要部分
821,vague,adj.模糊的，不明确的；含糊其词的
822,incessantly,adv.不断地
823,anarchist,n.无政府主义者
824,turnpike,n.收费公路
825,debris,n.岩屑；残骸；碎屑
826,verbal,adj.口头的；言辞的；动词的
827,disastrous,adj.灾难性的，糟糕透顶的
828,eliminate,v.排除，剔除；消除
829,grill,vt.烧烤；拷问，盘问
830,relieve,v.减轻，缓和；使解脱；接替，换班
831,slope,n.斜坡，斜面；斜度
832,legislative,n.立法机关
833,bare,adj.赤裸的；光秃秃的
834,pathology,n.反常，变态；病理学；病状
835,shrewd,adj.敏捷的，机灵的；精明的
836,linen,"adj.亚麻(布)制的, 亚麻色的"
837,prophet,n.预言者；（宗教里的）先知；提倡者
838,cognition,n.感知，认知，认识
839,blend,v.混合；融合
840,venomous,adj.有毒的，分泌毒液的；恶意的，狠毒的
841,babble,v.胡言乱语；含糊不清地说；喋喋不休
842,consensus,n.共识，一致同意；舆论
843,rationality,n.理性；合理性
844,crown,n.王冠；花冠
845,digitize,vt.数字化
846,intelligible,adj.聪明的，理智的；易懂的，易理解的
847,fragrant,adj.香的；芳香的
848,spice,n.调味料，香料；调剂品；额外的趣味
849,colonial,adj.殖民的；殖民国家的
850,abbreviate,vt.缩略，缩写
851,somber,adj.昏暗的；忧郁的
852,concord,n.和睦；公约
853,unearth,vt.掘出，发掘；揭露
854,snack,n.小吃，点心
855,oak,n.橡树，橡木
856,whim,n.一时的兴致，冲动；怪念头，奇想
857,lessen,v.减少，变小，减轻
858,noteworthy,adj.显著的，值得注目的
859,sphere,"n.范围, 领域; (社会)阶层; (社会)地位; 球体, 球面; 天体; 地球仪; 苍穹"
860,exponent,n.解释者；倡导者，拥护者；指数，幂
861,redeem,vt.赎回；偿清，付清；兑换；弥补，补偿；履行，遵守（诺言）
862,cement,"n.水泥; 胶合剂, 胶接剂; 起巩固作用的纽带"
863,dull,adj.乏味的，单调的；迟钝的；（色彩等）无光泽的；萧条的；阴沉的，昏暗的
864,fibrous,adj.含纤维的；纤维状的
865,delay,n.耽搁，推迟
866,bilateral,adj.有两边的；双边的
867,craftsman,n.能工巧匠，手艺人，工艺师
868,weird,adj.怪异的，神秘的
869,suspicious,adj.感到怀疑的；令人怀疑的；不信任的；持怀疑态度的
870,stampede,v.（使）狂奔，涌向；使仓促行事
871,uneven,adj.不平均的；不平坦的；不规则的；（指竞争、比赛等）不势均力敌的；不公平的
872,subsistence,n.生存，生计
873,exodus,n.大批离去，成群外出
874,obliterate,vt.覆盖；消灭；忘却
875,anomalous,adj.异常的；不规则的
876,latitude,n.纬度；［常复数］纬度地区；选择（做什么事或做事方式）的自由
877,fitness,n.健壮，健康；适合
878,eschew,vt.避开，戒除，回避
879,lofty,adj.巍峨的，高耸的；崇高的，高尚的；傲慢的
880,carbohydrate,n.碳水化合物
881,clip,v.剪辑；修剪；削减；夹住
882,undertaking,n.重大或艰巨的任务，事业；企业；承诺；保证，许诺
883,livestock,n.〈总称〉家畜，牲畜
884,nauseous,adj.恶心的；令人作呕的，令人厌恶的
885,owl,n.猫头鹰
886,anecdotal,adj.轶话的，逸闻趣事的
887,culminate,vi.达到顶点；（以某种结果）告终；
888,acoustic,adj.非电声乐器的，原声的；听觉的，声音的
889,focal,adj.焦点的；很重要的
890,biannual,adj.一年两次的
891,vaporize,v.（使）蒸发，（使）汽化
892,gymnasium,n.体育馆；健身房
893,prevailing,adj.普遍的；流行的；（指风）一地常刮的，盛行的
894,tedium,n.单调，乏味
895,extensive,adj.广阔的；广泛的，全面的；大量的
896,prolong,v.延长
897,curtail,vt.缩短，缩减，削减（经费等）
898,tout,v.吹捧；兜售
899,conserve,vt.保存，保藏
900,hypertext,n.超文本
901,thrifty,adj.节俭的，节约的
902,malicious,adj.怀有恶意的，恶毒的
903,pit,"n.洞, 坑, 矿井, 麻子, 深渊, 绝境, (桃、杏、枣等)核, 正厅后座"
904,stagnant,adj.不景气的；停滞的；迟钝的；因不流动而污浊的
905,comparable,"adj.可比作…的; 相似的, 类似的; 相当的; 比得上的, 可相比的"
906,stardom,n.明星的身份（或地位）
907,affable,adj.和蔼可亲的，易于交谈的，友善的
908,coordinate,v.协调，整合； 使一致
909,agile,adj.敏捷的，灵活的
910,evoke,vt.唤起，引起，激起
911,placid,adj.平静的，安静的；（指人、性情等）温和的，文静的
912,induce,vt.诱使，引诱；引起，导致；催生
913,afloat,adj.漂浮的；有偿债能力的，能维持下去的
914,conservationist,n.自然环境保护论者
915,subsidiary,adj.辅助的；次要的；附属的；隶属的
916,mantle,n.覆盖物；披风，斗篷；（煤气灯）纱罩；【地】地幔
917,versus,prep.对；与…相对；对抗
918,rim,n.（圆形物体的）边沿；轮圈
919,rudimentary,adj.未充分发展的，原始的；基本的，基础的
920,adorn,vt.装饰，装扮
921,swap,v.交换，掉换
922,microwave,n.微波；微波炉
923,stout,adj.肥胖的，肥壮的；顽强的，不屈不挠的
924,aboriginal,adj.（人、生物等）原始的；土著的，土生土长的
925,octopus,n.章鱼
926,hull,n.（果实等的）外壳；船身，船体
927,cafeteria,n.自助餐厅，自助食堂
928,genetics,n.遗传学
929,idle,adj.懈怠的; 懒惰的; 闲置的; 没有工作的; 无效的; 无用的; (时间)空闲的
930,regiment,n.（军队的）团；一大群人（或事物）
931,rigorous,adj.谨慎的，细致的；严格的，严厉的
932,consonant,adj.和谐的，协调的，符合的
933,puppet,n.木偶；玩偶；傀儡，受人操纵的人（或集团）
934,bead,n.珠子；（液体）小滴、小珠
935,shipwright,n.造船者，造船工人；修船工
936,resilience,n.弹力，弹性；复原力；适应力
937,census,n.人口普查，人口统计
938,saturate,vt.使湿透；使饱和
939,pensive,adj.沉思的；忧虑的
940,captive,n.俘虏；猎获物；囚徒
941,fortify,vt.支持，给…以勇气；加强，增强；筑防御工事于
942,retract,v.收回，撤销；缩回
943,prompt,adj.迅速的，立刻的；敏捷的
944,seismic,adj.地震的，地震引起的；影响深远的，重大的
945,verbalize,v.用言语（或文字）表达
946,lengthen,v.（使）变长
947,agitate,v.鼓动，煽动；激怒，使激动，使不安；搅动（液体等）
948,vigilance,n.警戒，警惕
949,defect,n.缺点，缺陷
950,neoclassical,adj.新古典主义的
951,influx,n.注入，涌入
952,ambiguity,n.模棱两可的话；歧义（现象）
953,affirm,v.肯定属实；申明；断言
954,franchise,n.特权，特许；特许经销权；（公民）选举权
955,subsidy,n.补助金，津贴
956,wary,adj.小心翼翼的，留神的，警惕的
957,spear,v.刺，戳
958,recoup,vt.收回（成本），弥补（亏损）
959,ecological,adj.生态（学）的
960,optic,adj.眼的；视觉的；光学上的
961,aesthetic,adj.审美的，美学的；美的，艺术的
962,spiral,n.螺旋形
963,depot,n.库房，仓库；公共汽车站，火车站
964,publicize,vt.宣传，推广，宣扬
965,perpendicular,n.垂直线，垂直的位置
966,congressional,adj.立法机构的；代表大会的；国会的
967,aggregate,vt.聚集；总计
968,morale,n.士气，斗志
969,electrode,n.电极
970,enclose,v.围绕，包围；把…放入信封
971,cannibalism,n.嗜食同类
972,bundle,n.捆，束
973,emblem,n.徽章；标记，象征
974,buoyant,adj.有浮力的，漂浮的；轻快的，快乐的；繁荣的；（价格等）趋于上涨的
975,identical,adj.相同的，同样的
976,tariff,n.关税；（旅馆、饭店等的）价目表，收费表
977,conspiracy,n.密谋；阴谋
978,spinning,adj.旋转的
979,recess,n.休会期；休庭；暂停；凹室，壁龛
980,inanimate,adj.无生命的；无生气的
981,legislature,n.立法机关，立法团体
982,idyllic,adj.田园诗般的，田园风光的，牧歌的
983,amplify,vt.放大（声音等）；增强；详述，充实（陈述等）
984,igneous,adj.火的，似火的；火成的，火成岩的
985,shortly,adv.立刻，马上；没好气地，不耐烦地
986,specialize,v.专门从事；专门经营；专门研究；专攻
987,bellows,n.风箱
988,flank,n.侧面;（动物的）胁腹；（军队等的）侧翼
989,erect,adj.垂直的，竖直的，直立的
990,brass,n.铜管乐器；黄铜（器）
991,trance,n.恍惚；昏睡状态
992,contemporary,adj.当代的；同时代的
993,tenant,n.房客，承租人
994,stake,n.股份; 桩; 赌注; 火刑柱; 利害关系
995,hover,v.盘旋；彷徨；徘徊，守在近处
996,porous,adj.有孔的，多孔的；能渗透的
997,linguistic,adj.语言的，语言学的
998,virtuous,adj.有道德的，品行端正的，品德高的；〈贬〉自命清高的，自以为是的
999,render,v.致使，造成；给予，提供；表达；翻译；秘密偷渡
1000,crest,n.顶峰，顶点；浪尖；羽冠
1001,amenable,adj.顺从的，服从劝导的，有服从义务的
1002,frigid,adj.寒冷的；冷淡的
1003,translation,n.翻译；译文，译本
1004,embody,v.具体表现，体现；代表；包括；收录
1005,instantaneous,adj.瞬间的，即刻的，立即的
1006,onslaught,n.冲击；攻击，猛攻
1007,associative,adj.联想的；结合的；关联的
1008,peculiar,adj.奇怪的，古怪的；特殊的，独特的
1009,flourish,"v.茂盛; 繁荣; 兴旺; 成功; 处于旺盛时期; (人)健壮有力; 炫耀, 夸耀; 挥舞, 挥动; 手舞足蹈"
1010,salient,adj.显著的，突出的
1011,futile,adj.无效的，无用的，无意义的；琐细的；（人）没出息的
1012,inflammation,n.炎症，发炎
1013,ramble,n.漫步，散步；杂乱无章的长篇大论
1014,prize,vt.珍视
1015,rupture,v.（使）破裂；（关系）决裂，断绝
1016,animate,vt.赋予生命，使有活力
1017,convict,vt.定罪，宣告…有罪
1018,overtime,adv.加班
1019,homage,n.尊敬，敬意
1020,dawn,n.破晓，黎明；开始，发端
1021,limestone,n.石灰岩
1022,ponderous,adj.笨重的；笨拙的；沉闷的
1023,optimize,vt.使最优化；充分利用
1024,alike,adv.一样地，相似地；同样程度地
1025,secular,"adj.现世的, 世俗的, 非宗教的, 教区的, 延续几个世纪的, 长期的"
1026,organism,n.生物体，有机体
1027,militant,adj.好战的，好暴力的
1028,alienate,vt.使疏远，使不友好；转让，让渡（财产等）
1029,captivity,n.囚禁，拘留
1030,economical,adj.经济的，实惠的；节俭的，节约的；精打细算的
1031,opposed,adj.反对的；截然不同的
1032,eternal,adj.不朽的，永恒的；无休止的
1033,gallop,v.飞奔，疾驰
1034,embrace,v.欣然接受；拥抱；包含
1035,patriarchy,n.父权制，父系社会，家长统治
1036,recede,vi.退，后退；渐渐远去；逐渐减弱
1037,closet,n.储藏室；壁橱
1038,inhibit,vt.阻碍，抑制
1039,extol,vt.赞美，颂扬
1040,fray,vi.磨损，磨破；（使）烦躁，恼火
1041,chafe,v.擦破，擦痛；（因受限制而）恼怒，焦躁
1042,indignant,adj.愤慨的，恼怒的
1043,usher,n.领座员，招待员
1044,allergy,n.过敏性反应
1045,figurative,adj.比喻的，借喻的，象征的；形象的
1046,aroma,n.芳香，香味；气氛，氛围
1047,righteous,adj.正直的，公正的；正义的，正当的
1048,conceal,v.隐藏，掩盖
1049,rampant,adj.猖獗的，肆虐的；蔓生的
1050,tinker,vi.做焊锅匠；做拙劣修补
1051,disproportionate,adj.不成比例的；太大（或太小）的
1052,meteorological,adj.气象学的；气象的
1053,exempt,adj.被免除的，被豁免的
1054,mannerism,n.怪癖，癖性；（绘画、写作等中）过分的独特风格
1055,rhyme,v.（使）押韵；和…同韵
1056,faction,n.（大团体中的）派系，派别，小集团；派系斗争，内讧
1057,pedagogy,n.教育学，教学法
1058,blurt,vt.脱口而出
1059,scatter,v.撒播; 使分散; 驱散; 消散; 分散; 零星出现(或发生); 散射
1060,confiscate,vt.没收，充公，征用
1061,crawl,v.缓慢行进；爬行
1062,pact,n.协议，条约，公约
1063,cohesive,adj.黏着的；使凝结的，使内聚的
1064,acquaint,v.使熟悉；使了解
1065,externality,n.外部性，外界效应
1066,strain,v.扭伤，劳损；竭尽全力；拉紧
1067,respondent,n.回答者，响应者；调查对象；被告
1068,enlighten,v.指导；启发，启蒙
1069,prohibitive,adj.（价格）高得负担不起的，贵得使人望而却步的；（规定）禁止性的，起阻止作用的
1070,textile,n.织物；纺织品；纺织业
1071,sticky,adj.黏的，黏性的；（天气）闷热的；棘手的
1072,condole,vi.向…吊唁；慰问
1073,bleach,v.（使）变白，漂白；褪色
1074,mortality,n.死亡率
1075,insistence,n.坚持，坚决主张
1076,refraction,n.折射
1077,rally,n.群众大会；拉力赛车
1078,apprise,vt.通知，告诉；评价
1079,hydrogen,n.氢
1080,nail,n.指甲，爪；钉
1081,kinetic,adj.运动的；运动引起的；动力学的
1082,feasible,"adj.可行的, 行得通的; 合理的; 可用的, 适宜的"
1083,lichen,n.青苔，地衣
1084,ageism,n.年龄歧视
1085,dissuade,vt.劝阻，阻止
1086,arable,adj.可耕作的，适于耕作的
1087,ravage,vt.毁坏；（尤指军队等）抢劫，掠夺
1088,solitude,n.孤独，单独；独处，独居；隐居处
1089,amass,vt.积聚
1090,utensil,n.器具，用具
1091,enrollment,n.登记（人数），注册（人数）；入学
1092,untamed,adj.未驯服的，难驾驭的
1093,blunt,adj.钝的；不敏感的；直率的
1094,hemisphere,n.（尤指地球的）半球；大脑半球
1095,dormancy,n.休眠；催眠状态；隐匿
1096,fidelity,n.忠诚，忠实；精确，逼真
1097,imagist,adj.意象派的
1098,domestic,adj.国内的；家庭的；驯养的
1099,coverage,n.新闻报道; 保险范围; (书、节目、课程等的)内容范围; 信息范围; 覆盖; 覆盖范围(或方式)
1100,oval,adj.椭圆形的；卵形的
1101,motor,adj.机动的；肌肉运动的
1102,calamitous,adj.灾难性的
1103,stiffen,v.（使）变僵硬；（使）变坚定，变强硬
1104,outfit,n.全套装备；全套服装
1105,transcendent,adj.卓越的，出众的
1106,bland,adj.平淡的，乏味的；清淡的；沉稳的
1107,sidewalk,n.人行道
1108,moor,n.旷野，荒野；沼泽
1109,recline,v.向后倚靠，斜倚
1110,longevity,n.长寿；寿命
1111,ivory,n.象牙；象牙制品；象牙色，乳白色
1112,desolate,adj.荒凉的，荒无人烟的；孤独寂寞的
1113,section,n.部分，章节；区域，部门；路段；断面
1114,wrench,v.猛拉，猛扭，猛拧；扭伤；使痛苦
1115,intern,vt.拘禁，软禁
1116,decay,n.腐烂；衰退
1117,gospel,n.准则，信条；绝对真理；［G-］福音；福音音乐；训示
1118,uproot,v.根除；（使）离开家园
1119,guideline,n.（复数）指导方针，准则，行动纲领
1120,extend,"v.伸出, 伸开; 延长; 扩展; 扩大; 推进; 提供; 给予; 使竭尽全力; 达到"
1121,renovate,vt.修复；更新，翻新
1122,debatable,adj.成问题的；可争论的；未决定的
1123,legible,adj.清楚的；易读的
1124,hazel,n.榛树
1125,posthumous,adj.死后的，身后的
1126,deficient,adj.缺乏的，不足的；有缺点的，有缺陷的
1127,assail,vt.抨击，指责；猛攻；困扰
1128,sedentary,adj.久坐的，固定不动的；土生的，不迁徙的；沉积的
1129,grip,v.紧握; 紧抓; 咬住; 夹牢; 吸引住; 有吸引力
1130,husbandry,"n.畜牧, 饲养, 耕种, 农业"
1131,watercourse,n.水道，河道
1132,horde,n.一大群人；游牧部落
1133,benign,adj.（疾病）良性的；有利的；善良的，和蔼的
1134,deceptive,adj.欺骗性的，导致误解的
1135,obedience,n.服从，顺从
1136,hoe,n.锄头
1137,spearhead,n.先锋，前锋，先头部队
1138,tackle,"v.对付, 处理; (足球等比赛中)抢断, 铲断; 与某人交涉; 固定, 系住"
1139,predation,n.掠夺；掠食
1140,amenity,n.生活福利设施，便利设施；适意，愉快
1141,precautionary,adj.预防的
1142,cordial,"adj.热情友好的; 真心的, 由衷的"
1143,lounge,n.（机场等的）等候室；休息室；起居室
1144,hurl,v.用力投掷；大声责骂；呕吐
1145,yarn,n.纱，纱线；（尤指夸张的或编造的）故事
1146,certificate,n.证明；证书
1147,bedrock,n.基础，根基；基岩
1148,terrestrial,adj.陆地的，陆生的，陆栖的；地球的
1149,anticipate,v.预期；预料；预计
1150,allude,vi.暗指，影射，间接提到
1151,accessible,adj.易接近的；可得到的；可进入的
1152,proponent,n.支持者；倡导者
1153,meager,adj.不足的，贫乏的；消瘦的
1154,flamboyant,adj.艳丽的，绚丽夺目的；炫耀的
1155,squirrel,n.松鼠
1156,crescent,adj.新月形的；逐渐增强的
1157,vigor,n.活力，精力
1158,annex,v.附加; 附带; 并吞; 强占; 获得
1159,pollinate,vt.给…授粉
1160,reiterate,vt.反复说，重申
1161,rattle,v.（使）咔嗒作响；发出连续短促的高声；使紧张，使恐惧
1162,fertile,adj.肥沃的；富饶的；能生育的；可繁殖的；想象力丰富的
1163,landing,n.登陆；着陆，降落
1164,chivalrous,adj.有骑士精神的；（尤指对女人）彬彬有礼的，殷勤的
1165,oblivious,adj.遗忘的；未注意的，不知不觉的
1166,hive,v.（使）入蜂箱；群居
1167,shellfish,n.贝类，有壳的水生动物
1168,cerebral,adj.大脑的；理智的
1169,epitome,n.摘要，梗概；典型，典范
1170,immerse,v.使浸没在…；沉浸在…；（使）深陷于…
1171,monarchy,n.君主制；君主国
1172,predominant,adj.占优势的，占主导地位的；显著的；盛行的
1173,sodium,n.钠
1174,adamant,adj.坚定不移的，坚决的；固执的
1175,ascribe,v.归因于，归咎于
1176,fortuitous,adj.偶然的，意外的
1177,cylinder,n.圆柱体；圆筒状物；（发动机的）气缸
1178,intrigue,v.密谋；迷住
1179,centennial,n.百年纪念
1180,crusade,n.十字军（远征）；斗争，运动
1181,appease,vt.平息；安抚，抚慰；绥靖
1182,hemp,n.大麻（纤维）；由大麻制成的麻醉药
1183,monogamous,adj.一夫一妻制的；单配的
1184,recollection,n.记忆力；回忆，记忆；回想起来的事
1185,prospector,n.勘探者，采矿者
1186,cramped,adj.狭小的，狭窄的；受限制的；（字迹）密小难认的
1187,allot,vt.分配，配给，拨给
1188,infatuate,vt.使迷恋；使糊涂
1189,hail,v.出生地是，来自；招呼，呼喊；称颂；下冰雹
1190,piracy,n.海盗行为；抢劫行为；剽窃行为
1191,scoff,v.嘲笑，讥讽；狼吞虎咽
1192,mason,n.石匠，泥瓦匠
1193,perish,v.毁灭，湮灭；丧生，死亡；老化，脆裂
1194,melodrama,n.情节剧，通俗剧；戏剧性的事件
1195,centric,adj.以…为中心的
1196,corps,n.军团，兵团；特种部队；（从事某工作或活动的）一群人，一组人
1197,transient,adj.短暂的，转瞬即逝的；临时的
1198,controversial,adj.引起争论的，有争议的
1199,reveal,v.显示；表明；透露；揭露；展示；使显露
1200,axis,n.轴；轴线；对称轴；坐标轴；轴心
1201,evade,v.逃避，回避；躲开，避开
1202,multiplicative,adj.倍增的；乘法的
1203,permeate,v.弥漫；渗透
1204,dearth,n.缺乏，短缺
1205,bald,adj.秃顶的；光秃的；不加赘述的，简单的；磨平的
1206,substantiate,vt.证实，证明
1207,disseminate,v.散布，传播
1208,slander,n.中伤，诽谤，诋毁
1209,muggy,adj.（天气）闷热的
1210,surge,v.涌动；蜂拥而出；飞涨，激增
1211,nickel,n.镍；五分镍币
1212,ongoing,adj.正在进行的；不间断的；继续存在的
1213,nostalgic,adj.思乡的；怀旧的
1214,nationalism,n.国家主义；民族主义，民族优越感
1215,genial,adj.亲切的，和蔼的；（指气候）温和的，温暖的
1216,avenue,n.途径，手段；大街
1217,cholesterol,n.胆固醇
1218,sequential,adj.序列的；连续的；随之而来的
1219,occur,v.发生；出现；存在于
1220,crab,n.蟹，螃蟹
1221,niche,n.生态位；壁龛
1222,incinerate,vt.焚化，焚毁
1223,inception,n.开端，开始
1224,henceforth,adv.从此以后
1225,penetrate,v.穿透，渗透；洞察
1226,constitution,n.宪法；构成，组成； 体质，体格
1227,poverty,n.贫穷，贫困
1228,gourd,n.葫芦；葫芦制成的容器
1229,implore,v.恳求，哀求
1230,collaborator,n.合作者，协作者；通敌者
1231,abridge,vt.缩短，删节，节略，精简
1232,buffalo,"v.威吓, 欺骗, 迷惑"
1233,smear,v.胡乱涂抹；弄脏；诽谤，诋毁
1234,clumsy,adj.笨拙的；不得体的，冒犯人的；复杂难懂的，难处理的
1235,flint,n.燧石，打火石
1236,engrave,vt.（在…上）雕刻；铭刻
1237,dorsal,adj.背部的，背脊的
1238,swarm,n.群，一大群
1239,dateline,n.日期栏；国际日期变更线
1240,hoard,v.贮藏，囤积
1241,bulletin,n.公告，告示；新闻快报；简报
1242,perishable,adj.易腐的，易变质的
1243,polygamy,n.一夫多妻制，一妻多夫制，多配偶制
1244,paradigm,n.范例，典范
1245,sympathetic,adj.感应的，交感的；有同情心的；体谅的
1246,tread,n.梯级；脚步声；轮胎花纹
1247,fasten,v.使固定；系牢，扎牢；握住，抓牢
1248,deplete,vt.使枯竭，耗尽
1249,nevertheless,"adv.然而, 不过；仍然"
1250,promising,adj.有希望的；有前途的
1251,condiment,n.调味品
1252,detest,v.憎恶
1253,colony,n.殖民地；聚居（地）
1254,crust,n.地壳；外壳；硬的表面；（一片）面包片
1255,temperate,adj.气候温和的，温带的；温和的，自我克制的
1256,flora,n.植物群
1257,relay,v.转送，转发；播放，转播
1258,emanate,v.散发（声音、气味、热等）；表现，显示
1259,prescribe,v.开药方；规定，指定
1260,herbivore,n.食草动物
1261,knit,v.编结，编织；（使）紧密结合，使紧凑；（使折骨）愈合；皱紧，皱（眉）
1262,motive,n.动机，目的
1263,disinterested,adj.客观的，无私的，公正的；无兴趣的，不关心的
1264,venom,n.（蛇等分泌的）毒液；恶意，怨恨
1265,foreshorten,vt.（绘画、摄影等）用透视法缩小；缩短，节略
1266,forefront,n.最前沿，最前线；中心
1267,irritate,v.激怒，使发怒，使烦恼；刺激（皮肤等）
1268,coral,n.珊瑚（虫）
1269,silica,n.硅石，硅土；二氧化硅
1270,incredulous,adj.怀疑的，不轻信的
1271,pliable,adj.易弯曲的，柔韧的；易受影响的；顺从的
1272,downside,n.缺点，负面；底侧；下降趋势
1273,devour,v.狼吞虎咽，吞食；吞没，吞噬；如饥似渴地读
1274,monastery,n.男修道院，寺院
1275,puncture,v.刺穿；（使）泄气，挫伤（某人的锐气）
1276,bode,vi.预示
1277,hydraulic,adj.水力的；水压的；液压驱动的
1278,devout,adj.虔敬的；诚恳的
1279,nocturnal,adj.夜行性的；夜间发生的
1280,dwindle,v.（使）减少；（使）缩小
1281,pigment,n.颜料；色素
1282,evacuate,v.疏散，撤离；排空
1283,impersonal,adj.没有人情味的，冷淡的；客观的
1284,meteor,n.流星
1285,conservative,adj.保守的，守旧的
1286,censor,n.（书籍、电影等的）审查员，审查官
1287,encroach,vi.侵占；侵蚀，蚕食（土地）
1288,chapel,n.（小）教堂；祈祷室
1289,discourage,v.使气馁，使灰心；劝阻，阻止
1290,portray,vt.描绘，描述；扮演（角色）
1291,sage,"adj.贤明的, 明智的"
1292,slog,v.艰难行进；埋头苦干；猛击
1293,obituary,n.讣闻，讣告
1294,infuriate,vt.激怒
1295,cabin,n.(轮船上生活或睡觉的)隔间; (飞机的)座舱; (通常为木制的)小屋
1296,coincide,v.同时发生；相同，相符；位置重合，重叠
1297,verse,n.诗；韵文；诗节；歌曲的段落
1298,distort,v.使变形；扭曲，歪曲；曲解
1299,grind,"v.碾碎, 磨碎; 磨成; 磨光; 磨快; 压榨, 折磨; 苦心地教, 反复灌输"
1300,provocative,adj.引发思考的，启发性的；挑衅的，煽动性的；惹人讨厌的；挑逗的
1301,ritual,n.典礼，（宗教等的）仪式；例行公事，老规矩
1302,maturity,n.成熟；完备
1303,resonance,n.共振，共鸣；回声，反响
1304,traverse,v.横过；穿越，穿过
1305,mechanic,n.技工，机修工
1306,gloss,n.光泽，色泽；亮光漆；注解
1307,recount,v.讲述，描述；重新清点（选票等），重计
1308,integrate,v.合并，整合；使成为一体；加入，融入（群体）
1309,abreast,adv.并列地，并排地
1310,flair,n.才能，本领；天资
1311,illusion,n.幻觉，错觉；错误的信仰（或观念）
1312,outline,"n.提纲; 大纲; 概要, 梗概; 要点; 轮廓; 略图, 草图"
1313,formulate,v.制订，规划，构想；确切表达，认真阐述
1314,lipid,n.脂质，类脂
1315,unconsolidated,adj.松散的，疏松的
1316,pocketbook,n.钱袋，皮夹；财政状况，财力
1317,enlightenment,n.启发，教化，启迪
1318,entreat,v.恳求；乞求
1319,infection,n.传染，感染；传染病
1320,lineage,n.宗系，世系，血统
1321,supplant,vt.取代，代替
1322,commerce,n.贸易，商业；交往，交流
1323,kennel,n.狗窝；养狗场
1324,indigestion,n.消化不良（症）
1325,sponge,n.海绵；寄生虫
1326,ethical,adj.道德的
1327,vacancy,n.空房间；空位，空缺；（头脑）空虚
1328,necessity,n.必要；必然；必需品
1329,domesticate,vt.驯养，驯化；使精于家务，使喜爱家居
1330,plank,n.木板；政策要点，政纲的核心
1331,remnant,n.残余物；布头；遗迹
1332,cuneiform,n.楔形文字
1333,distinctive,adj.出众的，有特色的
1334,integral,adj.构成整体所必需的；不可或缺的；完整的；整体的
1335,squirt,v.（使）喷射，喷；向…喷射
1336,mania,n.躁狂；狂热；癖好
1337,dismal,adj.阴沉的，阴郁的；忧郁的，沮丧的；差劲的
1338,auction,n.拍卖
1339,chlorine,n.氯
1340,dissenter,n.不同意者，反对者
1341,premature,adj.早熟的；过早的；（做法等）不成熟的，仓促的；早产的
1342,alienable,adj.可转让的
1343,proofread,v.校对，校正
1344,provincialism,n.地方主义，乡土性
1345,exorbitant,adj.（价格、索价等）过高的，不合理的
1346,digression,n.离题，扯到枝节上；题外话，枝节内容
1347,canvass,v.游说，拉选票；细查
1348,lava,n.岩浆，熔岩
1349,perpetuate,vt.使永存，使持续
1350,scrub,v.擦洗，刷洗；取消（原有安排）
1351,terminus,n.（火车、汽车等的）终点站
1352,aerobics,n.有氧运动
1353,saucy,adj.无礼的；俏皮的；漂亮的
1354,inventory,n.目录，清单；库存
1355,lubricant,n.润滑剂
1356,magnify,v.放大，增强；夸大
1357,novelty,n.新奇，新奇的事物；小装饰
1358,shirk,v.逃避，规避
1359,incubate,v.孵化；培育（细菌等）；（疾病）潜伏
1360,fusion,n.熔化，熔解；熔合；核聚变；联合，合并
1361,hedge,v.种树篱围住；设障碍于，阻碍；回避，避免直接回答；采取保值措施以避免损失
1362,adventitious,adj.偶然的，偶发的
1363,collision,n.碰撞，冲突
1364,stratigraphy,n.地层学；地层中的岩石组成
1365,transcribe,vt.记录，抄录；转录；改编
1366,credence,n.可信性，真实性；信任；信念
1367,staggered,adj.交错的，错开的；震惊的
1368,falter,v.衰退，衰落；（声音）发抖，结巴地说；蹒跚
1369,cherish,v.珍爱，钟爱，爱护；抱有信念或希望；怀念
1370,tentacle,n.触角，触须，触手
1371,quarterly,adv.每季一次
1372,synchronizer,n.同步装置
1373,hitch,v.搭便车；提起，拉起；（用绳、钩等）拴住
1374,glamorous,adj.富有魅力的，迷人的
1375,humanity,n.人类；人性；人道，仁慈；人文学科
1376,diffuse,"v.弥漫, 漫射, 传播, 散布"
1377,cater,v.满足…需要; 迎合; 提供饮食; 承办酒席; 考虑
1378,camouflage,n.掩饰，伪装
1379,germinate,v.（使）发芽，萌芽；（使）发展
1380,aptitude,n.适合，恰当；天资，才能，资质
1381,genre,n.类型；流派
1382,respective,adj.分别的，各自的
1383,complacence,n.自满，满足
1384,blossom,n.花
1385,incongruity,n.不一致，不和谐
1386,ensue,vi.继而发生，接着发生
1387,circumference,n.周围，周边；圆周；周长
1388,alleviate,vt.减轻，缓解，缓和
1389,rodeo,n.牛仔竞技表演
1390,offset,v.抵消；弥补；补偿
1391,pore,vi.仔细阅读，审阅；审视
1392,typify,vt.是…的典范；成为…的特征
1393,eclecticism,n.折中主义
1394,postpone,v.延期，推迟
1395,tedious,adj.单调乏味的，令人厌烦的
1396,interim,n.间歇，过渡期间
1397,transact,v.交易；执行，处理
1398,conciliate,vt.安抚，抚慰；调和
1399,jolt,v.（使）震动，颠簸；（使）震惊
1400,homing,adj.有返回原地本能的
1401,chilly,adj.寒冷的；冷淡的，不友好的
1402,avenge,vt.复仇，报仇；向…报仇
1403,quadruple,v.（使）成四倍
1404,avert,vt.避免，规避；转移（目光、注意力等）
1405,lure,vt.吸引，诱惑
1406,invade,v.侵略，侵害；侵扰；大量涌入
1407,puff,v.喘气；吸（烟）；喷出，冒出（烟）
1408,posit,vt.安排；假定
1409,adroit,adj.精明的，干练的；熟练的，灵巧的
1410,pheromone,n.信息素，外激素
1411,documentation,n.文件；归档，文献记录
1412,torrent,n.洪流，急流；爆发，迸发
1413,trek,n.艰苦跋涉
1414,hoof,n.（牛、马等的）蹄
1415,objective,n.目标，目的
1416,contradictory,adj.对立的，矛盾的；反驳的
1417,trauma,n.精神创伤；外伤；痛苦经历
1418,bagel,n.面包圈
1419,genius,n.天才；天赋
1420,incentive,n.刺激；动机
1421,trait,n.特性，特点
1422,gaseous,adj.（含）气体的，气态的
1423,adverse,adj.负面的；不利的；逆的
1424,sheer,adj.纯粹的，完全的；垂直的，陡峭的；轻薄透明的
1425,tremulous,adj.发抖的，颤抖的；害怕的
1426,dote,vi.溺爱
1427,motion,n.运动；移动；动作；提议，动议
1428,disclose,v.揭露，使公开
1429,strap,n.带
1430,sewerage,n.下水道系统；污水处理系统
1431,glossy,adj.光滑的；光彩夺目的；浮华的
1432,labyrinth,n.迷宫；错综复杂的事件
1433,contour,n.等高线；轮廓
1434,manifest,v.表明，清楚显示；显现，使人注意到
1435,preliterate,adj.文字出现以前的，没有文字的
1436,bloom,v.开花；繁荣，兴盛
1437,counter,n.计算器；柜台，操作台；反对，反驳
1438,preliminary,adj.预备的；初步的
1439,doodle,vi.乱涂，胡画
1440,precursor,n.先驱；先兆，前兆；前身
1441,ponder,v.沉思，琢磨，考虑
1442,suborn,vt.收买，买通（使作伪证等），唆使
1443,soprano,n.女高音；男童声高音
1444,squid,n.鱿鱼，枪乌贼
1445,maritime,adj.海的，海事的；航海的
1446,strive,v.努力，奋斗，力争
1447,translucent,adj.半透明的
1448,aquarium,n.养鱼缸；水族馆
1449,frail,adj.脆弱的，虚弱的；易碎的
1450,converse,vi.交谈，会话
1451,dormant,adj.静止的；休眠的；隐匿的
1452,corollary,n.必然的结果；推断
1453,nude,adj.裸体的
1454,illuminate,v.照明，照射；阐释，说明；用彩灯装饰；使精神焕发；启发，启迪
1455,devoid,adj.全无的
1456,toed,adj.有趾的
1457,dedication,n.献身，奉献；献词；奉献仪式
1458,scourge,vt.鞭笞；使受苦，折磨
1459,staple,n.主要产品；原材料；主食；订书钉
1460,pervasive,"adj.弥漫性的, 渗透性的; 遍布的; 流行的, 普遍的"
1461,celestial,adj.天空的，天上的
1462,canyon,n.峡谷
1463,incense,"n.(祭供等用的)香, 熏香"
1464,garb,n.服装，装束
1465,extort,vt.勒索，敲诈，强夺
1466,detract,v.减损；贬低，诋毁
1467,rayon,n.人造丝，人造纤维
1468,graphite,n.石墨
1469,humanitarian,n.慈善家；人道主义者
1470,criteria,n.标准. 准则
1471,accredit,vt.委任，授权；把…归于；正式认可
1472,dioxide,n.二氧化物
1473,souvenir,n.纪念品
1474,auspicious,adj.吉兆的，吉利的；幸运的
1475,expropriate,vt.征用，没收（私有财产）
1476,impermeable,adj.不可渗透的，不透水的
1477,venturesome,adj.敢于冒险的；有危险的
1478,stylish,adj.漂亮的，时髦的；高雅的，有格调的
1479,forfeit,vt.被没收，丧失
1480,cliff,n.悬崖，峭壁
1481,ratify,vt.正式批准，使正式生效
1482,halt,v.使停止，阻止；使中断
1483,gross,adj.总共的；严重的；恶心的；粗俗的，粗野的
1484,duplicate,v.复制; 被复制; 复写; 复印; 重复; 使加倍; 使成双
1485,adaptive,adj.适合的，有适应性的
1486,modernity,n.现代性
1487,syllabus,n.教学大纲，课程提纲
1488,cynical,adj.愤世嫉俗的，冷嘲热讽的
1489,gratify,vt.使满意，使高兴；满足（愿望等）
1490,hinder,vt.阻碍，妨碍
1491,affinity,"n.喜好, 喜爱; 类同, 密切关系"
1492,cavity,n.洞，孔，窟窿；腔
1493,inconspicuous,adj.不引人瞩目的，不显眼的
1494,slender,adj.细长的；苗条的，纤细的；微薄的，不足的
1495,repress,vt.克制，抑制；镇压，压制
1496,inaugurate,v.举行就职典礼；举行落成仪式；开始，开创
1497,medieval,adj.中世纪的，中古的
1498,inviting,adj.动人的，诱人的；引人注目的
1499,glacial,adj.冰川期的，冰河时代的；寒冷的，冰冷的；冷若冰霜的
1500,sweeping,adj.彻底的，广泛的；〈贬〉（过于）笼统的，一概而论的
1501,reddish,adj.微红的
1502,ledge,n.（建筑物或岩石的）突出部分；暗礁
1503,resistant,adj.反抗的；有抵抗力的；不受…损害的
1504,sluggish,adj.行动迟缓的；不活泼的；无精打采的，怠惰的
1505,endeavor,v.努力；奋斗
1506,invert,vt.使倒转，使倒置，使颠倒
1507,warehouse,n.仓库；货栈；货仓
1508,smother,vt.使窒息而死；厚厚地覆盖；抑制，扼杀；把（火）闷熄
1509,rehabilitate,v.修复; 翻新; 使康复; 改造(罪犯); 恢复…的职位; 恢复…的名誉
1510,republic,n.共和国，共和政体
1511,outrageous,adj.残暴的；骇人的；反常的，过度的
1512,construct,v.构造，建造；构想
1513,plantation,n.种植园；人造林
1514,signify,v.表示，说明，意味着；表达；要紧
1515,glow,v.发光；发红，发热；（感情等）洋溢
1516,sap,vt.使衰竭；削弱，逐渐破坏
1517,boulder,n.巨石，巨砾
1518,opal,n.蛋白石
1519,bound,"adj.必定的, 注定的; 受约束的; 有义务的; 装订的; 准备前往…的"
1520,sew,v.缝（纫），做针线活；缝补，缝上
1521,weed,n.杂草；水草
1522,desperate,adj.绝望的；不顾一切的，拼命的
1523,discourse,n.对话；话语；演讲；论文
1524,elaborate,adj.复杂的；详尽的；精致的
1525,topsoil,n.表层土
1526,warp,v.（使）扭曲，弯曲，变形；使不合情理
1527,cactus,n.仙人掌
1528,evergreen,adj.常绿的
1529,lush,adj.茂盛的
1530,ignite,v.（使）燃烧，点燃；着火
1531,retrieve,"v.重新得到, 收回, 取回; 挽回, 补救; 检索"
1532,grump,vi.发脾气，发牢骚
1533,dispute,n.争论；争吵
1534,craft,"n.工艺, 手艺; (s)手工艺品; 技巧, 技能; 行业, 职业; 航空器; 骗术, 诡计"
1535,floral,adj.花的，像花的；饰以花的，绘有花的
1536,indispensable,adj.不可或缺的
1537,oxide,n.氧化物
1538,tenement,n.廉租公寓
1539,bush,n.灌木（丛）；荒野
1540,facade,"n.(建筑物的)正面; (尤指给人以假象的)表面, 外观"
1541,chorus,n.齐声，异口同声；合唱团；副歌；朗诵演员
1542,bilingualism,n.双语现象
1543,operant,adj.运转中的；生效的；操作性的
1544,empower,v.授权，准许；使控制局势
1545,assortment,n.分类；各种各样
1546,chant,n.圣歌；单调的吟唱；反复呼喊的话语
1547,bony,adj.瘦骨嶙峋的；似骨的；多骨的
1548,expedient,n.权宜之计，应急办法，临时手段
1549,vibrant,adj.振动的；活泼的，充满生气的
1550,manifesto,n.宣言，声明
1551,kiln,n.（砖、石灰等的）窑，炉
1552,dual,adj.双的，双重的，两部分的
1553,vocal,"adj.嗓音的; 发声的; 大声表达的, 口述的; 直言不讳的; 喜欢畅所欲言的;元音的; 浊音的"
1554,colonization,n.殖民地化
1555,welfare,n.福利，社会保障，幸福
1556,prosper,vi.繁荣，兴旺；成功
1557,clog,v.（使）堵塞，阻塞
1558,mutual,adj.共同的，相互的
1559,scarce,adj.缺乏的；稀有的，罕见的
1560,disgust,n.厌恶，憎恶
1561,tundra,n.苔原，冻原，冻土地带
1562,contempt,n.轻视，鄙视，轻蔑
1563,nominate,vt.提名；指派，指定
1564,asymmetrical,adj.不均匀的，不对称的
1565,irritable,adj.急躁的，易怒的；易受刺激的；过敏的
1566,revert,v.恢复（原状）；回到，重提；（财产、权利等）归还，归属
1567,fin,n.鳍；鳍状物；（飞机等的）翼
1568,gloomy,adj.忧郁的，令人沮丧的；昏暗的，阴暗的，阴沉的
1569,rebellious,adj.反叛的，叛逆的；叛乱的
1570,literary,adj.文学的，与文学相关的；文人的；书卷气的
1571,punctual,adj.守时的
1572,receptor,n.感受器；受体
1573,starch,n.淀粉；（复数）淀粉类食物
1574,surgery,n.外科手术；外科；诊所
1575,monogamy,n.一夫一妻制
1576,oversleep,v.（使）睡过头；（使）睡得过久
1577,pin,vt.钉住；固定
1578,sparse,adj.稀疏的，稀少的；贫乏的
1579,prominent,adj.杰出的；显著的，突出的
1580,equivalent,adj.等价的，相等的，相同的
1581,stark,adj.赤裸的；严酷的，严峻的；（指区别）明显的，鲜明的；十足的，极端的
1582,ravine,n.沟壑，溪谷
1583,stereo,n.立体声音响；立体声音响系统
1584,utilitarian,adj.实用的；功利主义的
1585,zealous,adj.狂热的，热烈的，充满激情的
1586,replenish,vt.添加，补充
1587,internal,adj.国内的，内政的，内在的，身体内部的，内心的
1588,lumber,v.缓慢地移动; 笨拙地行进; 伐木; 采伐…的林木; 沾满; 乱糟糟地堆放; 拖累; 使陷入困境; 逮捕
1589,delicate,adj.精美的；易碎的；柔弱的；清淡的，柔和的
1590,percussion,n.打击乐器
1591,irreverent,adj.不敬的
1592,infancy,n.幼年；（发展或生长的）初期
1593,canoe,vi.乘独木舟，划独木舟
1594,contaminate,vt.污染
1595,moist,adj.潮湿的；多雨的
1596,deposit,"v.放下, 放置; 存放, 寄存; 存钱; (使)沉淀, (使)沉积; 付, 预付"
1597,squeeze,v.紧握，挤压；向…勒索（或榨取）；削减
1598,cram,v.填塞，塞满；匆忙准备，（为考试）临时死记硬背
1599,annual,adj.每年的，年度的，一年生的
1600,hawk,n.鹰，隼；主战分子
1601,blanket,n.毯子；覆盖物
1602,sanction,vt.同意，许可；惩罚，实施制裁
1603,proceed,v.继续进行；接着做
1604,gouge,vt.挖出；敲竹杠
1605,protrude,v.（使）突出，伸出
1606,astronomical,adj.天文学的；极大的，庞大的
1607,gauge,"v.估计, 判定, 估算, （用仪器）测量"
1608,diligent,adj.勤奋的，刻苦的，勤勉的
1609,odorous,adj.有气味的，难闻的；香的，芬芳的
1610,artisan,n.工匠，手艺人
1611,correspond,v.符合；相当；通信
1612,syndrome,n.综合症状；典型表现
1613,outcry,n.大声疾呼，强烈的抗议
1614,detectable,adj.可发觉的，可察觉的
1615,decimal,adj.十进位的；小数的
1616,desegregate,v.废除种族隔离
1617,gemstone,n.经雕琢的宝石
1618,stretch,v.撑大；伸展，张开；延伸；舒展；绵延，延续
1619,groan,vi.呻吟；叹息；发出呻吟般的声音
1620,seclusion,n.独处，隐居；隔离；与世隔绝，归隐
1621,intuitive,adj.直觉的
1622,silt,n.淤泥
1623,vocalize,v.用言语表达；说（话），唱（歌），发声
1624,stride,v.大步走；阔步行走
1625,tender,"adj.嫩的, 柔软的；纤弱的, 易碎的；和善的, 温柔的, 慈爱的；温和的；年轻的；多愁善感的；棘手的, 微妙的"
1626,quantum,n.量子；定量
1627,intent,adj.专心的，专注的；决心的，执意的；
1628,bureau,"n.局, 处, 科; 办事处, 办公室, 机构; 五斗橱, 衣柜; (附抽屉及活动写字台的)书桌"
1629,roe,n.鱼卵
1630,infiltrate,v.渗入，渗透；（使）悄悄进入，潜入
1631,vogue,n.时尚，风气. 流行
1632,approximation,n.接近；近似值
1633,bulk,n.大宗，大批（买卖）；（大）体积，（大）量
1634,adequate,adj.足够的，充足的； 适当的；能胜任的
1635,consolidate,v.巩固，加强；联合，统一
1636,oblong,adj.矩形的，长方形的；椭圆形的
1637,choppy,adj.（海面等）波浪起伏的，不平静的；不连贯的，支离破碎的
1638,ventilation,n.通风设备；空气流通
1639,underlying,adj.潜在的；基础的
1640,heyday,n.全盛期
1641,demobilize,vt.遣散；使复员
1642,accomplishment,n.成就；完成；才艺，技艺
1643,bosom,n.胸部，乳房；胸怀，内心
1644,handful,n.一把；少数人（或物）
1645,avalanche,n.雪崩；山崩
1646,compliment,v.赞扬；称赞
1647,abrupt,adj.突然的，意外的；（举止、言谈等）唐突的，鲁莽的
1648,glacier,n.冰川，冰河
1649,secede,vi.正式脱离，退出（组织等）
1650,emancipate,vt.解放，解除
1651,latter,adj.后面的，后半期的；后者的
1652,inscribe,v.（在某物上）写、题、铭刻；铭记
1653,genuine,adj.真正的，真实的；诚恳的
1654,nitrogen,n.氮
1655,paramount,adj.至为重要的；最高权力的，至尊的
1656,nucleus,n.核；原子核；细胞核；核心，中心
1657,mimic,vt.模仿；像
1658,formation,"n.形成; 组成; 形成方式, 结构; 形成物; 队形"
1659,perimeter,n.周长；外缘，边缘
1660,rejuvenate,vt.使年轻；使恢复活力
1661,grudge,n.怨恨，积怨
1662,necessitate,vt.需要，使成为必要
1663,distress,n.痛苦，忧伤；贫困，窘迫；遇难
1664,nutrition,n.营养；营养学
1665,wedge,n.楔子；楔形物
1666,autonomy,n.自治，自治权；自主，自主权
1667,abound,vi.富于；大量存在；充满
1668,maneuver,"n.演习; 机动动作; 花招, 策略; 机动; 调遣"
1669,filament,n.灯丝；细丝
1670,chimpanzee,n.黑猩猩
1671,quiescent,adj.静止的，寂静的；静态的
1672,veil,n.面纱，面罩，头巾；掩饰，掩盖，托辞
1673,grovel,vi.摇尾乞怜，奴颜婢膝
1674,bounce,v.弹跳；跳动
1675,stanza,n.（诗）节，段
1676,prosperity,"n.繁荣, 兴旺, 昌盛"
1677,polygamous,adj.一夫多妻的，一妻多夫的
1678,indigent,adj.贫困的，贫穷的
1679,meteorology,n.气象学
1680,filial,adj.子女的; 孝顺的
1681,forerunner,n.先驱者，开路人；先兆，预兆
1682,holistic,adj.整体的，全面的；功能整体性的
1683,instill,vt.慢慢灌输；逐渐培养
1684,recoil,vi.弹回；后退，退缩；产生后坐力
1685,vicinity,n.周围地区；邻近地区；附近
1686,mammal,n.哺乳动物
1687,submerge,v.浸没，淹没
1688,criterion,n.标准，准则
1689,neutron,n.中子
1690,reserve,v.保留，预订
1691,pinpoint,vt.精准定位；准确解释（或说明）
1692,manifestation,"n.显示, 表明, 表现；显灵；示威运动"
1693,remarkable,adj.不同寻常的；非凡的；引人注目的
1694,confer,v.授予；协商，商讨
1695,silicate,n.硅酸盐
1696,embryo,n.胚，胚胎；雏形
1697,anthropology,n.人类学
1698,adjunct,n.附加物，附件；附加语，修饰语
1699,corona,n.日冕
1700,checked,adj.格子花纹的；棋盘状的
1701,identification,n.身份证明；识别，鉴定，辨认；认定；强烈同情
1702,affection,"n.慈爱, 喜爱, 关怀, 感情; <古>影响; 感染"
1703,metabolic,adj.新陈代谢的
1704,venture,v.冒险; 冒…险; 大胆行事; 敢于; 敢做; 敢说; 猜测; 以…作赌注
1705,cookout,n.野外烧烤宴会
1706,federal,adj.联邦的；联邦制的；联邦政府的
1707,viable,adj.可行的，可实施的；可生长发育的
1708,synthetic,adj.(物质)合成的; 人造的; 综合的
1709,nonetheless,adv.虽然如此，但是，依然
1710,clutch,"v.紧抓, 紧握；急忙地抓, 突然抢走"
1711,acumen,n.敏锐，聪明
1712,autonomous,adj.自治的；独立自主的
1713,buck,v.猛然弓背跃起；猛然震荡；抵制，反抗
1714,dismay,n.沮丧，绝望，灰心
1715,insulin,n.胰岛素
1716,microprocessor,n.微处理器
1717,delegate,v.选派（某人做某事）；授权；委派
1718,semiotics,n.符号学
1719,prostitution,n.卖淫
1720,grab,v.抓住，抓取；利用（机会做某事），（借机）赶紧…
1721,lodge,"v.（向公共机构或当局）正式提出（声明等）, 借宿, 租住, （使）卡住,（使）固定"
1722,airborne,adj.空气传播的；空运的
1723,semantic,adj.语义的
1724,harness,vt.利用…产生动力；给（马等）上挽具
1725,trilogy,n.（书籍、电影等的）三部剧，三部曲
1726,articulate,v.明确表达，清楚说明；清晰地吐（字），清晰地发（音）；用关节连接
1727,negligible,adj.微不足道的；不重要的；不值一提的
1728,pathological,adj.病态的；病理学的；不理智的，无道理的
1729,affiliate,v.使附属；接纳；使紧密联系；加入，并入
1730,dosage,n.剂量
1731,bait,n.鱼饵；诱饵
1732,enlist,v.征募；从军，参军；谋取
1733,delinquency,n.行为不良；过失，失职
1734,overwhelm,"v.彻底击败, 征服; 使感情上受不了, 使不知所措, 使应接不暇; 压倒, 制服; 淹没, 漫过"
1735,dignify,vt.使有尊严，使高贵；美化
1736,balk,v.畏缩；阻止；妨碍
1737,aggravate,vt.恶化，加重；激怒
1738,immense,adj.巨大的，广大的
1739,hop,n.单脚跳行；（动物的）跳跃；（乘飞机）短途旅行；啤酒花
1740,yolk,n.蛋黄
1741,herd,n.兽群；人群
1742,retail,n.零售
1743,prey,n.猎物；受害者
1744,revoke,vt.撤销，撤回；取消，废除
1745,contributory,adj.贡献的；捐助的；促进的
1746,warrant,n.执行令；授权令；凭单，许可证；正当理由，依据
1747,acidity,n.酸度；酸性
1748,supplier,n.供应者，供应商，供货方
1749,existence,n.存在，生存
1750,libel,vt.诽谤
1751,nominee,n.被提名者，被任命者
1752,far-fetched,adj.牵强的
1753,convey,v.传达；运输
1754,spark,n.火花，火星；微量，一点点
1755,cognitive,adj.认识的；认知的，有感知的
1756,oasis,n.绿洲；避风港
1757,routine,n.惯例；常规；例行公事
1758,choir,n.唱诗班，合唱队
1759,engaging,adj.迷人的
1760,contiguous,adj.接壤的，毗邻的；不间断的
1761,podium,n.讲坛，讲台；指挥台
1762,cipher,n.密码，暗号
1763,barge,n.驳船，平底货船
1764,mock,v.嘲笑；（模仿）嘲弄；不尊重；蔑视
1765,defecate,vi.排便；澄清
1766,turbulent,adj.动乱的；狂暴的，汹涌的
1767,deciduous,adj.（树木等）落叶的；非永久的，短暂的
1768,sustenance,n.食物；生计；维持
1769,compressible,adj.可压缩的
1770,polish,"v.擦光, 擦亮; 变得光亮; 使完美, 改进; (使)变得优雅"
1771,amiable,adj.可爱的；友好的，和蔼的，亲切的
1772,depress,v.使…沮丧；降低
1773,inverse,adj.相反的，反向的
1774,repertory,n.保留剧目；保留剧目轮演；库存，储备；仓库
1775,tectonic,adj.地壳构造的
1776,hypothetical,adj.假设的
1777,quarry,n.采石场，石矿；猎物，追捕的对象
1778,protest,v.反对，抗议
1779,nap,n.小睡，打盹
1780,chronological,adj.按年代顺序排列的，年代学的
1781,nutrient,n.滋养物，营养品
1782,brew,"v.沏, 酿制(啤酒), 沏(茶), 煮(咖啡), (不愉快的事)即将来临, 酝酿"
1783,bisect,vt.把…二等分，对半分
1784,sumptuous,adj.奢华的，豪华的
1785,willful,adj.成心的有意的；任性的
1786,genesis,n.起源，开端
1787,landmass,n.大片陆地
1788,expenditure,n.（时间、劳力、金钱等） 支出，使用，消耗
1789,locomotive,n.机车；火车头
1790,pertain,vi.与…有关；属于
1791,dim,adj.模糊的；暗淡的；朦胧的；不乐观的
1792,intersection,n.交点；十字路口，道路交叉口
1793,limb,n.肢体；树枝，树杈
1794,dramatize,v.改编成戏剧；（使）戏剧化，戏剧性地表现
1795,loathsome,adj.令人厌恶的，讨厌的
1796,recital,n.音乐演奏会；诗歌朗诵会；赘述
1797,pack,v.收拾行李；打包；挤满，塞满
1798,proliferate,vi.激增，迅速繁殖
1799,widespread,adj.分布（或散布）广的；普遍的
1800,surgeon,n.外科医生，外科医师
1801,conversion,n.转变，变换；换算；改变信仰，皈依
1802,spheroid,n.球状体，椭球体
1803,marked,adj.显著的；有记号的；被监视的
1804,whereby,adv.借以，凭
1805,crevice,n.缺口，裂缝
1806,coherent,"adj.条理清楚的, 连贯的, 前后一致的; 协调的; 一致的; 有黏性的; 聚合在一起的"
1807,abortive,adj.落空的，失败的
1808,farce,n.笑剧（剧本），滑稽剧（剧本）；闹剧
1809,progressive,adj.进步的，先进的；逐步的
1810,preoccupation,n.（时常想的）想法、事情；全神贯注
1811,ablaze,adj.着火的，燃烧的；闪耀的；情绪激动的
1812,collide,v.碰撞，相撞；严重不一致，抵触
1813,drought,n.干旱（期），旱灾
1814,decisive,adj.决定性的，关键的；坚决的，果断的
1815,ornamental,adj.装饰性的；点缀的
1816,forage,vi.觅食；搜寻
1817,tranquil,adj.安静的；安宁的；平静的
1818,voracious,adj.狼吞虎咽的，贪婪的；求知欲强的
1819,rebate,n.退款
1820,remark,n.评论；（正式演讲时的）言论
1821,cramp,n.痉挛，抽筋；（腹部）绞痛
1822,feudal,adj.封建（制度）的
1823,solicit,v.恳请；乞求；征求；勾引；招揽（生意）
1824,plague,n.瘟疫；灾祸
1825,behaviorism,n.行为主义
1826,choreograph,v.设计舞蹈动作，编舞
1827,strand,n.（线等的）股，缕；部分，方面
1828,persuasive,adj.有说服力的，让人信服的
1829,illustrative,adj.作为例证的；用做说明的；解释性的
1830,unbridgeable,adj.不能架桥的；不能逾越的
1831,spurn,vt.拒绝；摈弃
1832,bluff,n.悬崖，峭壁；虚张声势，唬人
1833,artesian,adj.自流水的，喷水的
1834,errand,n.差使，差事
1835,sovereign,n.元首，君主
1836,lucrative,adj.赚钱的，获利的，有利可图的
1837,gem,n.宝石，珍品；美丽绝伦的事物
1838,medication,n.药物治疗；药物
1839,noticeable,adj.明显的，值得注意的
1840,exposition,n.阐述；（产品的）展销；商品交易会；产品博览会
1841,bruise,v.（使）出现伤痕；挫伤
1842,wagon,n.四轮马车（或牛车）；货车
1843,pierce,v.刺穿，刺破，穿透；（光线等）透入
1844,degenerate,v.(使)退化; (使)堕落; (使)蜕化; (使)变坏
1845,lobby,"n.门厅; 休息室, 接待室; 游说团体; 游说"
1846,tributary,n.支流；进贡者
1847,notify,v.（正式）通报，通知
1848,prerequisite,n.先决条件，前提
1849,fume,vi.冒烟；（对…）大为恼火
1850,lighthearted,adj.无忧无虑的；愉快的
1851,gender,n.性别；（语法中的）性
1852,adept,adj.熟练的，精通的，内行的
1853,expertise,n.专门知识（或技能等），专长
1854,grouse,v.发牢骚，抱怨
1855,proposal,"n.提出; 建议, 提议; 计划; 提案; 求婚"
1856,outgas,vt.除去（固体中的）气
1857,enact,v.制定法律，颁布；扮演（角色）
1858,vulgar,adj.庸俗的；粗俗的；粗野的；不雅的
1859,expel,v.排出；把…开除（或除名）；驱逐出境；喷出
1860,damp,adj.潮湿的
1861,dent,vt.使凹下；挫伤，损害
1862,counseling,n.咨询；辅导
1863,leak,v.（使）漏，（使）渗出，（使）泄漏
1864,synthesize,vt.合成；综合
1865,aluminum,n.〈美〉铝，同“aluminium”
1866,spaghetti,n.意大利式细面条
1867,nimble,adj.敏捷的，灵活的
1868,lethal,adj.致命的；破坏性极大的，极其有害的
1869,commune,n.群体，公社
1870,overall,adv.全部；总计；一般来说；大致上
1871,disinterest,n.无兴趣，冷漠；客观，公正
1872,intrusion,n.侵扰，干扰；侵犯；侵入，闯入
1873,decode,vt.译（码），解（码），破译
1874,thwart,vt.阻碍；使…受挫
1875,inherit,v.继承；（从前人、前任等）接过，得到
1876,ambush,n.埋伏，伏击
1877,bicameral,adj.两院制的，有两个议院的
1878,grazing,n.放牧；牧场
1879,proclaim,v.宣布，声明；显示
1880,toady,vi.谄媚，奉承
1881,geometry,n.几何，几何学
1882,pendant,n.垂饰，下垂物
1883,excavation,n.挖掘，发掘；出土文物；挖掘现场
1884,accustom,vt.使习惯于
1885,session,n.会议；（法庭的）开庭；（进行某活动连续的）一段时间
1886,emergent,adj.突现的；新兴的；紧急的
1887,coil,v.（使）盘绕，卷
1888,precise,adj.精确的，准确的
1889,plaster,n.灰泥；熟石膏，建筑石膏
1890,plump,adj.丰满的，丰腴的；饱满的
1891,conceit,n.自负；巧妙的言辞；别出心裁的比喻
1892,mechanics,n.力学；结构；技巧；机械学
1893,vibration,n.振动，颤动
1894,primate,n.灵长类，灵长目动物：大主教
1895,segregate,vt.隔离，使分开
1896,portraiture,n.画像技法；肖像，画像
1897,potency,n.影响力，支配力；效力，效能
1898,contradict,vt.反驳；与…矛盾
1899,ceremonial,adj.礼仪的，礼节的
1900,mine,v.开矿，采矿；在…布雷
1901,extinct,adj.（动植物，语言）灭绝的；（习俗，工作等）消失的
1902,taboo,n.（文化或宗教习俗方面的）禁忌，忌讳；禁止，避讳
1903,quilt,v.缝被；缝制
1904,delineate,"v.说明, 阐明, 准确描述; 标明边界"
1905,conservation,n.保护，保存
1906,assembly,n.会议；议会；集合，集会；装配
1907,vegetation,n.植物；植被
1908,suspense,n.担心，焦虑；悬念，不确定
1909,melt,v.（使）融化，（使）熔化；（使）溶化；（使）消散
1910,motif,n.主题，主旨；（装饰）图形
1911,abbey,n.修道院；大教堂
1912,junction,n.联接，会合处，交叉点
1913,stationary,adj.静止的；固定的，稳定的，不变的
1914,disturbance,n.干扰，妨碍；骚乱，动乱；失调，紊乱
1915,indict,vt.控诉，起诉，控告
1916,alternate,adj.交替的，轮流的；间隔的
1917,tyrannical,adj.专制的，残暴的，专横的
1918,troupe,n.剧团；马戏团；芭蕾舞团
1919,prestige,n.威信，声望，威望
1920,tremendous,adj.巨大的；惊人的；极好的
1921,prehistoric,adj.史前的；陈旧的
1922,shred,n.碎片，细条；些许，少量
1923,deflect,v.（使）转向，（使）偏斜
1924,rinse,v.（用清水）冲洗，洗涮；漂洗
1925,odd,"adj.剩余的; 额外的; 古怪的; 奇数的; …以上的, 挂零的; 单只的, 零散的; 临时的; 少量的; 偏僻的"
1926,cortex,n.皮层，皮质
1927,husk,n.（果类、谷物等的）外壳，外皮
1928,despise,vt.鄙视，看不起
1929,ductile,adj.有延性的，韧性的；易引导的，易受影响的
1930,chamber,n.议会，议院；房间，室
1931,provoke,vt.激怒，挑衅；鼓动，激励，刺激；引起；驱使
1932,successive,adj.连续的；接连的；相继的
1933,implication,n.暗示，含义；可能引发的后果；卷入，牵连
1934,plight,n.困境，苦境
1935,eloquent,adj.雄辩的；动人的
1936,lawn,n.草地，草坪；操场
1937,instruct,v.讲授，指导；指示，命令
1938,adjacent,adj.毗连的，邻近的
1939,prospect,"n.预期, 展望; 景象; (成功、得益等的)可能性, 机会; 前景, 前途"
1940,erupt,v.突然发生，爆发；（岩浆等）喷出
1941,twist,v.拧，缠绕，扭（曲）
1942,postulate,v.假定，假设
1943,chubby,adj.丰满的，圆胖的
1944,stash,vt.隐藏，藏匿
1945,strenuous,adj.费劲的，费力的，艰苦的；精力充沛的；奋力的
1946,unprecedented,adj.空前的
1947,interplay,n.相互作用，相互影响
1948,accede,vi.即位，就任；同意
1949,resign,v.辞职；放弃；顺从，听从
1950,encrust,v.（使）在表面形成硬壳，结壳；用…装饰外层
1951,fatigue,n.疲乏，疲劳，疲倦
1952,abolition,n.废除，废止；废奴运动
1953,specimen,n.样本，标本；具有…特性的人；…的典型
1954,exceed,v.超过，超出；超越
1955,municipal,adj.市政的；地方政府的；地方性的
1956,pamphlet,n.小册子；手册
1957,extravagant,adj.奢侈的；铺张浪费的；过于昂贵的；（言行等）放肆的，过分的
1958,homosexuality,n.同性恋；同性恋行为
1959,mediate,v.调解，调停，斡旋
1960,larynx,n.喉
1961,stigma,n.污点，耻辱；烙印；特征
1962,stalk,v.潜近（猎物或人）；（非法）跟踪；怒冲冲地走；趾高气扬地走
1963,diagonal,adj.斜线的，对角线的
1964,hydrothermal,adj.热液的
1965,opaque,adj.不透明的；浑浊的；难懂的，隐晦的
1966,volatile,adj.挥发性的，易挥发的；不稳定的；反复无常的
1967,realtor,n.房地产经纪人
1968,removal,n.除去；移动，搬迁
1969,recurring,adj.往复的，反复的，再次发生的
1970,epitomize,vt.成为…的缩影；摘要，概括，缩写
1971,domicile,n.住处，住所
1972,melody,n.旋律，曲子，曲调
1973,elite,adj.卓越的，精锐的
1974,haste,n.急忙，急速，匆忙
1975,centigrade,adj.百分度的；摄氏温度的
1976,intricate,adj.错综复杂的
1977,aristocratic,adj.贵族（统治）的，有贵族气派的
1978,deserted,adj.荒废的，空无一人的；被离弃的，被遗弃的
1979,marsh,n.沼泽，湿地
1980,bouquet,n.花束；香味，芬芳
1981,fungus,n.真菌；霉菌
1982,sleek,adj.（毛发等）光滑而有光泽的；线条流畅的；时髦的
1983,auditory,adj.耳的；听觉的
1984,sensory,adj.感觉的，感官的
1985,officious,adj.爱发号施令的，爱指手画脚的
1986,divert,v.使转向；使分心，转移（注意力）；供消遣
1987,fellowship,n.（学术或专业团体的）会员资格；伙伴关系，友谊，交情；团体，协会，联谊会；奖学金
1988,scuffle,n.扭打，混战
1989,trivial,adj.不重要的；琐碎的；微不足道的
1990,impending,adj.即将发生的，迫近的
1991,marine,adj.海的，海事的；船舶的；航海的
1992,bandanna,n.色彩鲜艳的围巾（或头巾）
1993,justify,v.证明…正确(或正当、有理); 为…辩解(或辩护); 有充分理由; 证明…无罪
1994,racket,n.（网球等的）球拍；喧嚷，吵闹；勒索，诈骗
1995,spill,v.（液体）泼出，溢出；（东西）洒落；蜂拥而出
1996,query,n.疑问，问题
1997,outrage,n.暴行；愤慨
1998,metric,"adj.米制的, 公制的, 按公制制作的, 用公制测量的"
1999,omit,v.省略；遗漏
2000,burgeon,vi.迅速成长，发展
2001,impenetrable,adj.不能穿透的；不可理解的，高深莫测的
2002,veto,v.行使否决权；拒绝认可；禁止；拒不接受
2003,suffragist,n.妇女政权论者
2004,pretentious,adj.自负的，自我炫耀的
2005,transcend,vt.超越
2006,ware,n.用某材料制造的物品；作…用的器皿；贩卖的物品
2007,vascular,adj.血管的，脉管的
2008,spectacle,n.精彩表演; 壮观景象; 出人意料的情况; (复数)眼镜
2009,denounce,v.谴责，指责，抨击；告发
2010,carnivore,n.食肉动物
2011,luxurious,adj.十分舒适的；奢侈的
2012,transit,"n.过境, 运输, 中转, 运送"
2013,entail,vt.牵涉；使（某事物）必要，需要
2014,sac,n.囊，液囊
2015,sustain,v.维持；承受，经受；支持
2016,predecessor,n.前辈；前任；原先的事物
2017,scorn,n.轻蔑，鄙视
2018,levy,vt.征收（税等）
2019,contributor,n.投稿者；贡献者，捐助者；促成物
2020,membrane,n.薄膜；细胞膜
2021,soloist,n.独奏者，独唱者，单独表演者
2022,saturation,n.饱和；饱和状态；饱和度
2023,wrinkle,n.脸上的皱纹；皱褶，皱痕
2024,matrimony,n.婚姻，婚配
2025,listless,adj.倦怠的，没精打采的
2026,neglect,v.疏忽，忽视，疏于照看
2027,naval,adj.海军的
2028,subtle,adj.不易察觉的；微妙的；机智的；狡猾的；巧妙的
2029,democrat,n.民主主义者； 民主党人
2030,invasion,n.入侵，侵略，侵扰
2031,diversify,"v.(使)不同, (使)多样化; 增加…的品种; 从事多种经营"
2032,digest,v.消化 ；理解，领悟
2033,propensity,n.倾向，癖好
2034,tavern,n.小旅馆，客栈；小酒店
2035,mischievous,adj.恶作剧的，顽皮的，淘气的；恶意的
2036,mime,v.模拟，模仿
2037,obscene,adj.淫秽的，下流的；骇人听闻的；可憎的，可恶的
2038,continuation,n.延长，延续，持续；延长物，扩建物；延续部分
2039,malleable,adj.有延展性的，易成型的；易受影响的，可塑的
2040,resort,v.诉诸; 求助; 凭借; 前往; 常去
2041,modulate,v.调整，调节（声音），变调
2042,communal,adj.公共的，共享的；社区的
2043,subsequent,adj.随后的，后来的
2044,minor,adj.较小的；不严重的；次要的；未成年的；副修的；少数的
2045,uphold,v.支持，维护，维持
2046,encompass,vt.包含；环绕
2047,reactor,n.反应堆; 阳性反应者; 电抗器; 反应器; 起反应的人(或物)
2048,ally,n.联盟；同盟国
2049,insolvent,adj.财力不足的，破产的
2050,elicit,vt.得出，引出；诱出
2051,tarnish,v.（使）失去光泽；玷污，败坏（名声等）
2052,kinship,n.血缘关系，亲属关系
2053,specific,"adj.明确的, 确切的; 具体的; 特定的, 特有的"
2054,subdivide,v.（被）再分割，再分
2055,reef,n.礁，暗礁
2056,ornithology,n.鸟类学
2057,melanin,n.黑色素
2058,peninsula,n.半岛
2059,relic,n.遗物，遗迹，遗风
2060,savage,adj.凶残的；野蛮的，未开化的
2061,brace,"v.绷紧; 顶住; 使防备; 加固; 振作精神, 做好准备"
2062,bud,n.芽；蓓蕾
2063,plaque,n.匾额；牙斑
2064,propagate,v.传播；宣传；（使）繁殖，繁衍
2065,languish,vi.憔悴；凋谢，枯萎；受煎熬
2066,gush,v.滔滔不绝地说（话）；喷涌
2067,amend,vt.修正，修订（法律文件等）
2068,insufficient,adj.不足的，不够的
2069,mandate,n.授权；委托书，授权令；任期
2070,exhort,vt.劝告，规劝，告诫
2071,gasoline,n.汽油
2072,dilute,"adj.稀释的, 淡的, 稀薄的; 褪了的; 减弱了的; 淡化了的"
2073,sterile,adj.不育的；贫瘠的；无菌的；无结果的，没有实际价值的；刻板的
2074,summon,v.传唤；召集，召开；吁求，请求；鼓起，振作
2075,slacken,v.（使）松弛，（使）放松；（使）减缓，放慢
2076,faucet,n.龙头，旋塞
2077,balm,n.香脂油，药膏；镇痛剂，安慰剂
2078,completion,n.完成，结束
2079,forsake,v.抛弃，遗弃，离开
2080,commentary,n.评论，注释；（尤指电视台或电台所作的）实况报道，现场解说
2081,rendition,n.表演，演唱；翻译
2082,leap,v.跳跃，跃过，猛冲，急速行动，骤变，激增
2083,petroleum,n.石油
2084,yoke,n.奴役；束缚；枷锁；轭
2085,subliminal,adj.下意识的，潜意识的
2086,snide,adj.伪造的；不诚实的；讽刺的，挖苦的，含沙射影的
2087,persistent,adj.坚持的，百折不挠的；持续的
2088,batter,v.连续猛击
2089,permanent,adj.永久的，持久的；固定不变的
2090,cumbersome,adj.笨重的；麻烦的；累赘的，冗长的
2091,longitude,n.经度，经线
2092,abhor,vt.憎恨，厌恶
2093,schematic,adj.图解的；纲要的；严谨的
2094,sober,adj.清醒的，未醉的；持重的，冷静的；（颜色）素净的
2095,gist,n.主旨，要点，大意
2096,loath,adj.不情愿的，勉强的
2097,barter,n.实物交易，以物易物
2098,defiant,adj.反叛的，挑衅的，公然违抗的
2099,edifice,n.大厦，宏伟的建筑物
2100,tangle,n.缠结的一团；乱糟糟的一堆；混乱，纷乱；纠纷，争执
2101,tow,v.拖，拉，拽
2102,forestall,vt.预防，预先阻止；先发制人
2103,elliptical,adj.椭圆的；省略的；隐晦的
2104,elm,n.榆树
2105,preside,v.担任主席；主持（会议、仪式）
2106,trifle,"n.小事, 琐事; 小物件, 小玩意儿; 不值钱的东西; 稍微; 少量, 一点儿"
2107,audible,adj.听得见的
2108,surcharge,n.额外费用，增收费，附加费
2109,disquiet,v.（使）不安，（使）忧虑
2110,aloft,adv.在高处；在空中
2111,handy,adj.易使用的；容易做的；便利的；手巧的
2112,benevolent,adj.慈善的；善心的
2113,needy,adj.贫穷的，贫困的
2114,metaphor,n.隐喻，暗喻
2115,antonym,n.反义词
2116,quaint,adj.古雅的，古色古香的；离奇有趣的
2117,withdraw,v.撤回，取回，撤退
2118,flagellum,n.鞭毛
2119,primordial,adj.原始的，最初的；基本的
2120,knack,n.诀窍；技能，本领；习惯，癖好
2121,spur,"n.刺激, 激励, 鞭策; 踢马刺, 靴刺; 骨刺; 山嘴, 尖坡"
2122,corporeal,adj.肉体的，身体的；物质的；实体的
2123,jumble,vt.混杂，掺杂
2124,sleigh,n.（尤指马或狗拉的）雪橇
2125,causal,adj.原因的，因果关系的
2126,underneath,prep.在…下面
2127,depose,vt.革除，罢免，废黜
2128,doctrine,n.教义，主义，学说，信条
2129,mammoth,adj.巨大的
2130,inertia,n.惯性；惰性；缺乏活力；保守
2131,prescription,n.药方；开处方；诀窍，秘诀
2132,acquit,vt.宣告无罪；表现
2133,sporadic,adj.偶尔发生的；阵发性的；断断续续的
2134,salmon,n.鲑；大马哈鱼
2135,meticulous,adj.细心的，小心翼翼的
2136,lax,adj.懒散的；不严格的，马虎的
2137,discount,vt.打折；不全信，漠视，低估
2138,concave,adj.凹的
2139,sturdy,adj.结实的，坚固的；强壮的；健壮的；坚决的，顽强的
2140,remainder,n.其他人员；剩余物；剩余时间；差数；余数
2141,orchid,n.兰，兰花
2142,scope,"n.(活动、影响等的)范围; 眼界; 理解范围; 余地, 机会; 观察仪器(显微镜、望远镜等)"
2143,squabble,vi.发生口角，争吵
2144,crumple,v.（使）变皱，起皱；破裂；崩溃，垮台
2145,stun,vt.使昏迷；使震惊；使…目瞪口呆，给以深刻印象
2146,commodity,n.商品；有用的东西；有使用价值的事物
2147,drowsy,adj.昏昏欲睡的；催眠的
2148,wholesome,adj.有益健康的；有道德的；有良好道德影响的
2149,cascade,vi.倾泻，流注
2150,smirk,vi.假笑，得意地笑
2151,alga,n.藻类，海藻
2152,augment,vt.增加，提高
2153,dubious,adj.怀疑的，拿不准的；可疑的，靠不住的
2154,waggle,v.摆动
2155,hibernation,n.冬眠（状态）；休眠，蛰伏
2156,scruple,n.踌躇，顾忌，顾虑
2157,pluralism,n.多元化，多元性；多元主义
2158,refine,v.精炼，提炼；改善
2159,quell,vt.制止，镇压；缓解，减轻
2160,cowhand,n.牛仔，牧牛工
2161,swell,v.（身体部位）肿胀，膨胀；涌起，充满（某种情感）
2162,scout,n.童子军；侦察员；侦察机
2163,lethargy,n.死气沉沉；无精打采，倦怠
2164,daisy,n.雏菊；一流的人物
2165,mundane,adj.世俗的；平凡的
2166,pretext,n.借口，托词
2167,sow,v.播种，种；灌输；煽动
2168,esteem,n.尊重，敬重
2169,squash,"v.压扁, 挤扁; 挤压; 硬放, 硬塞; 粉碎, 镇压; 打消, 去除"
2170,amino,adj.氨基的
2171,backhand,n.反手击球
2172,hinterland,n.内地，腹地；内地贸易区
2173,reapply,v.再申请；再利用
2174,predominate,vi.统治，支配，占优势
2175,scent,n.香味，香气；气味；踪迹，线索；香水
2176,coupon,n.礼券，优惠券；配给券，票证
2177,plumage,n.（鸟类的）全身羽毛
2178,implement,n.工具，器具； 户外用具
2179,anonymous,adj.匿名的，不具名的；无特色的，无个性特征的
2180,legitimate,adj.合法的，法定的；正当合理的，合情合理的
2181,tropic,n.回归线；热带地区
2182,barber,n.理发师
2183,enforce,v.实施，执行；强迫，迫使
2184,notate,vt.以符号表示，把…写成记号（或标志）
2185,tactile,adj.触觉的；有触觉的；可感触的
2186,extremity,n.末端；极端，极度
2187,wispy,adj.成束的；纤细的
2188,stature,n.身材，身高；地位，声望，名望
2189,prodigious,adj.巨大的
2190,folklore,n.民间传说；民俗学
2191,conducive,adj.有助于…的，有益于…的
2192,tycoon,n.（商界）巨头，大亨
2193,thermal,adj.热的；热量的；保暖的；温暖的
2194,copilot,n.（飞机的）副驾驶员
2195,wield,vt.行使，运用，支配；挥舞，使用（武器等）
2196,induct,vt.使正式就任；使了解，传授；使入伍
2197,bolster,"vt.支撑, 加固; 支持; 提高"
2198,shift,v.转移；更替；转嫁；换挡，变速
2199,convex,adj.凸出的
2200,cape,n.海角，岬；斗篷，披肩
2201,momentary,adj.短促的；短暂的；片刻的
2202,apparatus,n.装置，器具，机构，组织
2203,pebble,n.小圆石，鹅卵石
2204,plunge,v.纵身投入，一头进入；骤降，猛跌
2205,contagious,adj.传染性的；有感染力的
2206,withstand,vt.经受住，耐；抵挡
2207,spoil,v.宠坏，溺爱；破坏；（使）腐坏
2208,metropolis,n.首府；大都市
2209,hieratic,adj.僧侣的；手写草书体的
2210,denote,v.象征，预示；表示，意指
2211,glimmer,n.闪烁的微光；隐约的迹象；一丝，一线
2212,retrospective,adj.回顾的，追想的；有追溯效力的
2213,terrific,adj.极好的；非常的，极度的；可怕的
2214,ideomotor,adj.观念运动的
2215,girder,n.主梁，大梁
2216,pinnacle,n.山顶，顶峰；鼎盛时期；小尖塔
2217,fable,n.寓言；谎言
2218,principal,n.校长; 院长; 负责人; 主要演员; 本金; 委托人; 主犯
2219,hind,adj.后面的，在后的
2220,bold,adj.大胆的；冒失的；粗（字）体的；醒目的
2221,homestead,n.家宅，农庄；宅地
2222,gear,n.排挡；齿轮；传动装置;（某种活动的）设备，用具；衣服
2223,feeble,adj.虚弱的，衰弱的，无力的
2224,reliever,n.救济者；缓解物
2225,excess,n.过度，过量
2226,revival,n.复兴，再流行；复苏；苏醒，复活；（戏剧等的）重演
2227,sanctuary,n.禁猎区，动物保护区；庇护所，避难所；圣所，圣殿
2228,molecular,adj.分子的；摩尔的；由分子组成的
2229,congenial,adj.情投意合的；相宜的，适宜的；适当的，合适的
2230,retreat,v.撤退，后退，退缩；让步
2231,penicillin,n.青霉素，盘尼西林
2232,pollen,n.花粉
2233,paradox,"n.悖论, 矛盾的人(或事物、情况)"
2234,ornate,adj.华丽的，豪华的
2235,scruffy,adj.不整洁的，邋遢的
2236,rigor,"n.〈美〉同“rigour”，严格, 严厉; 艰辛, 严酷; 严密，严谨"
2237,indolent,adj.懒惰的，懒散的；不活跃的
2238,sentimental,adj.情感的；伤感的，多愁善感的
2239,wasp,n.黄蜂；胡蜂
2240,famish,v.（使）饥饿
2241,executive,adj.执行的；管理的
2242,weathering,n.（岩石的）侵蚀，风化
2243,spawn,v.产卵；产生，促成
2244,revitalize,vt.使恢复生机，使再生；使更强壮
2245,mansion,n.大厦，豪宅，楼宇
2246,monetary,adj.金钱的，货币的
2247,prioritize,v.划分优先顺序；优先处理
2248,nosy,adj.爱管闲事的，好打听的
2249,patriarchic,adj.家长的，族长的；德高望重的
2250,counterfeit,adj.伪造的，假冒的
2251,contemplate,v.思考；考虑；对…周密考虑；盘算，预期；注视，凝视
2252,clamor,n.吵闹，喧哗
2253,suppress,v.抑制，阻止；镇压，平定；查禁；封锁；忍住
2254,converge,vi.汇聚，聚集，聚合；相交，会合；趋于一致
2255,noxious,adj.有害的；有毒的
2256,skim,v.撇去；掠过，擦过；浏览，略读
2257,thaw,n.解冻时期；缓和
2258,caterpillar,n.毛毛虫
2259,commemorate,vt.庆祝，纪念
2260,literacy,n.有文化，有教养；读写能力
2261,lament,n.挽歌，悼词
2262,pharaoh,n.法老
2263,endure,v.忍耐，忍受，容忍；持久，持续
2264,juridical,adj.法律的，司法的
2265,antecede,vt.在…之前；（地位上）高于
2266,intrinsic,adj.固有的，本质的，内在的
2267,barb,n.鱼钩，倒钩；挖苦的话
2268,sapphire,n.蓝宝石，青石；蔚蓝色
2269,attorney,n.律师；（业务或法律事务上的）代理人
2270,imply,v.暗示，意味；说明，表明；使有必要
2271,perpetual,adj.永恒的，永久的；终身的；持续的，不间断的；一再往复的
2272,rip,v.撕破；猛地扯开；突然拉开
2273,inaccessible,adj.难接近的；难达成的；不可得的
2274,accordion,n.手风琴
2275,pertinent,adj.相关的，切题的；中肯的；恰当的
2276,plausible,adj.似有道理的，似乎正确的；花言巧语的，能言善辩的
2277,huddle,v.聚集在一起，挤作一团；蜷缩，缩成一团，蜷缩
2278,roam,v.徜徉，漫步；（缓慢地）打量
2279,swoon,vi.昏厥，昏倒；痴迷
2280,refund,vt.退还（钱款），偿付
2281,prosecute,v.起诉，控告，检举；担任控方律师；继续从事
2282,pique,vt.激怒；激起，引起
2283,charismatic,adj.蒙受神恩的；有超凡魅力的
2284,disciple,n.门徒，弟子，追随者
2285,conceive,v.构思，设想；怀孕
2286,concur,v.同时发生；意见一致
2287,scheme,n.计划，方案；诡计，阴谋
2288,olfactory,adj.嗅觉的
2289,luxury,n.奢侈，豪华，奢侈品
2290,orthodox,adj.传统的；正统的
2291,stain,v.在…上留下污迹；玷污；染污；着色
2292,perquisite,n.津贴，利益；特权
2293,extrapolate,v.外推；推断，推知
2294,tectonics,n.构造地质学
2295,suspension,n.暂停；暂缓，推迟，延期；悬架；悬浮液
2296,teem,vi.充满，到处都是
2297,vertebrate,n.脊椎动物
2298,chronical,adj.慢性的，延续很长的
2299,aloof,adj.远离的；冷淡的，冷漠的
2300,curative,adj.有助于治疗的，有疗效的
2301,inert,adj.无活动的，惰性的；不活泼的，迟钝的
2302,aquifer,n.含水土层
2303,palate,n.上腭；味觉，品尝力
2304,agonize,vi.苦苦思索；焦虑不已
2305,observatory,n.天文台，天文观测站
2306,prevail,"vi.流行, 盛行; 获胜; 占优势, 占上风; 成功; 奏效"
2307,clam,n.蛤，蛤肉；[口]守口如瓶的人，寡言的人
2308,raven,adj.乌黑光亮的
2309,gland,n.腺
2310,roost,vi.栖息
2311,discredit,vt.使丧失声誉；使怀疑
2312,stumble,vi.绊脚；蹒跚而行；（说话等时）结巴
2313,incapacitate,vt.使无资格；使失去能力；使不胜任
2314,expeditious,adj.迅速而有效的，迅速完成的
2315,gravitational,adj.重力的，万有引力的
2316,subjugate,vt.征服，制伏，使服从
2317,mast,n.船桅；旗杆；天线杆
2318,viral,adj.病毒（性）的，病毒引起的
2319,spontaneity,n.自发性；自发行为
2320,antecedent,n.祖先，先辈
2321,exemplary,adj.模范的；典型的
2322,luminous,adj.夜光的；发光的；发亮的；鲜亮的，鲜艳的
2323,adobe,n.泥砖，土坯
2324,charisma,n.超凡魅力；感召力；号召力
2325,condense,v.（使）压缩；（使）凝结
2326,fare,"n.费用, 车费, 船费, 飞机票价; 出租车乘客; 饭菜, 伙食"
2327,linguist,n.语言学家；通晓数国语言的人
2328,siege,n.围攻，围困；包围，封锁
2329,angiosperm,n.被子植物
2330,platitude,n.陈词滥调，老生常谈
2331,exhale,v.呼出（气）；散发
2332,speckle,v.弄上斑点；点缀
2333,plow,n.犁
2334,glean,vt.点滴搜集，四处收集
2335,pictorial,adj.图示的，有图片的；绘画的，图画的
2336,frivolity,n.轻浮；愚蠢的行为
2337,herald,v.是（某事）的前兆，预示；宣布（好或重要的事）
2338,lunar,adj.月球的；月亮的
2339,imprint,n.印记，印痕；持久的影响
2340,mottled,adj.有杂色的，斑驳的
2341,hearsay,n.谣言，传闻，道听途说
2342,seismology,n.地震学
2343,chronicle,vt.把…载入编年史
2344,blush,n.（因羞愧而）脸红
2345,shrivel,v.（使）枯萎
2346,certitude,n.确定，确信；必然性
2347,pupil,"n.学生, (尤指)小学生, 弟子, 瞳孔"
2348,slumber,n.睡眠；睡觉
2349,absenteeism,n.旷课；旷工
2350,overnight,adv.整夜；一夜之间
2351,locality,n.地区，位置，地点，发生地
2352,scrupulous,adj.多顾虑的，谨慎的；一丝不苟的，严谨的；审慎正直的，恪守道德规范的
2353,procedure,n.程序，步骤，手续
2354,barrel,n.桶; 一桶(的量); 枪管; 笔杆
2355,leach,v.过滤；溶解
2356,recipient,n.接受者，收受者
2357,courier,n.送急件的人，信使；旅游服务员
2358,swampy,adj.沼泽（多）的，湿地的；松软的
2359,assimilation,n.同化；吸收
2360,chromosome,n.染色体
2361,artifice,n.诡计，奸计；策略
2362,preeminent,adj.卓越的，杰出的
2363,preach,v.传道，布道；宣讲；告诫，说教；竭力劝说
2364,mythology,n.神话；神话学；虚幻的想法
2365,wane,vi.衰退，减弱；减少；（指月亮）亏，缺
2366,clench,v.握紧，抓牢；咬紧（牙关等）
2367,mingle,v.（使）与…结合；使混合；使联结；相交往
2368,redundant,adj.多余的；累赘的
2369,apprenticeship,n.学徒的身份；学徒的年限
2370,incur,vt.招致，招惹，遭受
2371,restore,v.（使）恢复；修复，翻新；归还
2372,conscientious,adj.凭良心的；认真谨慎的，一丝不苟的
2373,gregarious,adj.群居的；合群的，爱社交的
2374,locomotion,n.移动；运动
2375,adjoin,v.紧挨，毗连
2376,furry,adj.毛皮似的；盖着毛皮的；生苔的
2377,ceramic,n.陶瓷器，陶瓷制品
2378,fiery,adj.似火的；易怒的，暴躁的
2379,exalt,vt.高度赞扬，褒扬；提升，提拔
2380,cluster,v.群聚；聚集
2381,incidental,adj.偶然的；附带发生的，伴随而来的
2382,commonplace,adj.平凡的；普通的；普遍的
2383,illegible,adj.难以辨认的，（字迹）模糊的
2384,anecdote,n.秘闻；轶事，趣闻
2385,unequal,adj.（在规模、数量等方面）不同的，不相等的；（力量、能力等）不平等的，不相称的；不胜任的
2386,spin,v.（使）快速旋转；纺纱；吐丝；（用洗衣机）甩干衣服
2387,microbe,n.微生物，细菌
2388,extrinsic,adj.外来的，外在的，非本质的
2389,rival,"n.竞争对手, 敌手; 可与之相比的人(或物)"
2390,mainstream,n.主流，主要倾向；主流思想
2391,syntactic,adj.句法的；按照句法的
2392,conceivable,adj.可能的；可信的，可想象的
2393,ambiguous,adj.模棱两可的，含糊不清的
2394,allegiance,n.忠诚，效忠，拥戴
2395,novice,n.生手，新手；新信徒
2396,perceptive,adj.感知的，知觉的；有洞察力的，理解力强的
2397,ethic,n.（复数）道德规范，道德准则；伦理学
2398,trumpet,v.鼓吹，宣扬
2399,ore,n.矿；矿物，矿石
2400,ambience,n.周围环境，气氛
2401,cosmic,adj.宇宙的；巨大且重要的
2402,chaotic,adj.混乱的，无秩序的
2403,anomie,n.社会道德沦丧，失范；混乱
2404,gait,n.步法，步态
2405,cider,n.苹果酒；苹果汁
2406,excavate,vt.挖掘；掘出
2407,renown,n.名望，声誉
2408,prairie,n.（北美的）大草原
2409,invertebrate,n.无脊椎动物
2410,hockey,n.曲棍球
2411,pronounced,adj.显著的；明确的
2412,paucity,n.极小量，少量
2413,pinch,"v.捏, 掐, 拧, 捏住; 使紧缺, 节制"
2414,rodent,n.啮齿目动物（如松鼠或海狸等）
2415,retrieval,n.数据检索；取回，索回
2416,monarch,n.君主；帝王
2417,appliance,"n.(用于特定目的的)器具(尤指家用器具); 器械, 装置; 应用"
2418,portion,n.部分；份
2419,convene,v.召集，召开（正式会议）；聚集，集合
2420,demolish,vt.拆除；破坏；驳倒，推翻（论点等）
2421,discrete,"adj.分离的, 互不相连的; 离散的"
2422,lizard,n.蜥蜴
2423,tendon,n.腱
2424,beaver,vi.忙于 ；勤奋工作
2425,corrosion,n.腐蚀，锈蚀
2426,coarse,adj.粗糙的；粗俗的
2427,sprawl,vi.伸开四肢坐（或躺）；扩展，蔓延
2428,hummingbird,n.蜂鸟
2429,rigid,adj.严格的；刚硬的，不易弯曲的；死板的，刻板的；僵硬的
2430,crippling,adj.令人震惊的；严重损害身体的；极其有害的
2431,earnest,adj.认真的；真诚的
2432,extinguish,v.熄灭；扑灭；消灭；毁灭
2433,constituent,"n.组成部分, 成分; 选区居民; 选民; 委托人"
2434,mercantile,adj.贸易的，商业的；重商主义的
2435,saunter,vi.闲逛，漫步
2436,resin,n.树脂
2437,citadel,n.堡垒，要塞
2438,germ,n.微生物，细菌，萌芽
2439,harsh,adj.严厉的；恶劣的；粗糙的；刺耳的
2440,eligible,"adj.有资格的; 合格的, 符合条件的; (尤指作为结婚对象)合适的, 合意的"
2441,focalize,v.调节焦距；使聚焦；使集中
2442,depredation,n.劫掠，掠夺，破坏
2443,yeast,n.酵母，发酵粉
2444,stick,"vt.刺, 戳; 插入, 刺入; 粘贴; 钉住; 放置; 伸出; <口>忍受; 使停留, 阻塞; <口>使困惑"
2445,auxiliary,adj.辅助的，补助的，补充的；备用的，后备的
2446,discard,vt.丢弃
2447,lasting,adj.持久的，永久的
2448,chaste,adj.贞洁的；简朴的，朴实的
2449,verdict,n.裁定；判断；意见
2450,bonanza,n.财运，获利之道；带来好运的事；兴盛，繁荣
2451,caption,n.(插图、海报等上面的)标题; (图片、漫画等的)说明文字; 字幕; 法律文件开端部分
2452,withhold,"v.拒给, 不给; 使停止, 阻挡; 隐瞒; 克制; 抑制"
2453,recharge,v.充电；休整；再装弹药
2454,ripple,n.波纹；涟漪；如波纹的东西
2455,rage,n.盛怒；风靡一时
2456,speculate,v.推测，猜测；投机
2457,belie,vt.给人以错觉；掩饰；证明…不正确
2458,plasma,n.血浆；等离子体
2459,suite,n.套，组；套房
2460,gnaw,v.咬；啃；啮
2461,implicit,adj.含蓄的；绝对的；内含的
2462,solder,vt.焊接
2463,refute,vt.反驳，驳斥
2464,rebel,n.叛徒，起义者
2465,newsletter,n.时事通讯
2466,embellish,vt.装饰；对…添枝加叶，渲染
2467,ordeal,n.折磨；严峻考验
2468,perception,n.知觉，感知；观念，看法；洞察力，认识能力
2469,peripheral,adj.次要的，附带的；外围的，周边的，边缘的
2470,refrain,v.克制；节制；避免
2471,stripe,n.条纹，斑纹
2472,analogy,n.类比；比拟；比喻
2473,probe,v.盘问，追问；探查，探测
2474,appraise,vt.估价；估量；评价，评定
2475,porcelain,n.瓷器; 瓷
2476,myopic,adj.近视的；缺乏远见的
2477,bolt,v.逃跑；闩上
2478,divine,adj.敬神的；神圣的
2479,bizarre,adj.奇形怪状的，古怪可笑的，怪诞的
2480,ordinate,n.纵坐标
2481,percolate,v.过滤；渗入，渗透；逐渐流传，传开
2482,lithosphere,n.岩石圈
2483,reasonable,adj.合理的；通情达理的；明智的，理智的
2484,affluent,adj.丰富的；富裕的
2485,arrogant,adj.傲慢的，自大的
2486,bacon,n.咸肉，熏肉
2487,pliant,adj.柔软的；温顺的；易受影响的
2488,freight,v.货运；寄送；使充满（某种心情或口气）
2489,monument,n.纪念碑；历史遗迹
2490,burrow,v.挖掘，挖地洞；寻找，探索
2491,subordinate,adj.隶属的；下级的；次要的
2492,incessant,adj.不断的，不停的
2493,seasoning,n.调味品，调料
2494,fictitious,adj.虚构的；假的；假装的，虚伪的
2495,reciprocal,adj.互惠的；相应的
2496,numeric,adj.数字的
2497,amphibious,adj.两栖的；水陆两用的
2498,precipitate,v.（突如其来地）使发生；促成，引发；加速（坏事的发生）
2499,differential,adj.差别的，有区别的；微分的
2500,overdue,adj.过期未付的，逾期的；过度的，过火的；迟到的，延误的
2501,thorn,n.刺，荆棘；带刺小灌木
2502,sting,v.刺；蜇；叮；（使）感觉刺痛
2503,premise,n.（企业、机构等使用的）房屋和地基，经营场址；前提，假设
2504,nostalgia,n.思乡病，乡愁；怀旧之情，恋旧
2505,pigeon,n.鸽子
2506,likewise,adv.同样地，类似地
2507,rape,v.强奸
2508,quench,v.解渴，止渴；扑灭，熄灭
2509,picky,adj.挑剔的，难以取悦的
2510,trivialize,vt.使显得琐碎；轻视
2511,viscous,adj.黏稠的；黏滞的
2512,flux,n.不断的变动，不停的变化；通量，流动
2513,monumental,adj.纪念碑的；不朽的
2514,entrench,vt.使（观念等）根深蒂固，牢固确立
2515,outlying,adj.边远的，偏僻的；无关的，题外的
2516,ripen,v.（使）成熟
2517,cling,"vi.紧握, 紧抱; 粘住, 附着; 挨近; 依恋, 依附; 固守, 坚持"
2518,lettuce,n.生菜；莴苣
2519,weave,v.编织，组合，编排
2520,barren,adj.贫瘠的；不育的；无效果的
2521,mesmerize,vt.施催眠术；使入迷，迷住
2522,impede,vt.妨碍，阻碍，阻止
2523,hardy,adj.能吃苦耐劳的；适应力强的；耐寒的
2524,prejudice,n.偏见；成见
2525,abysmal,adj.深不可测的；极坏的，糟透的
2526,monotonous,adj.单调乏味的
2527,illusory,adj.虚幻的，幻觉的
2528,oceanographer,n.海洋学者
2529,infirm,adj.虚弱的；不坚定的
2530,ingenious,adj.精制的，心灵手巧的；机灵的；有独创性的
2531,tempo,n.（乐曲的）速度，节奏；行进速度
2532,pine,n.松树
2533,wan,adj.苍白的，无血色的；憔悴的
2534,imbibe,v.喝；吸收，接受（信息等）
2535,altruistic,adj.利他的，无私心的，为他人着想的
2536,eccentric,n.古怪的人
2537,bewilder,vt.（使）迷惑，（使）糊涂
2538,anomaly,n.反常，异常；异常的人（或物）
2539,superimpose,vt.使重叠，使叠加；添加
2540,angular,adj.有角的，尖角的；（指人）消瘦的，瘦骨嶙峋的
2541,disintegrate,v.（使）瓦解；（使）碎裂
2542,atrophy,"v.(使)萎缩, (使)虚脱"
2543,sneaky,adj.偷偷摸摸的，鬼鬼祟祟的
2544,improvise,v.即兴创作；临时准备
2545,homogeneous,adj.同种类的；同质的；均质的
2546,notable,adj.值得注意的；显著的；重要的；著名的
2547,exert,"v.用(力), 尽(力); 运用, 行使; 发挥; 施加"
2548,interrelate,v.（使）相互关联，紧密联系
2549,infest,vt.大批滋生，大批出没于
2550,remodel,vt.重新塑造，改造；改编（军队、剧本）；改变（行为等）
2551,deductive,adj.演绎的，推论的
2552,stingy,adj.吝啬的，小气的
2553,aurora,n.极光
2554,caribou,n.北美驯鹿
2555,hustle,n.忙碌
2556,unparalleled,adj.空前的，无比的
2557,steer,"v.引导, 控制, 操纵, 驾驶（船、汽车等）"
2558,differentiate,v.（使）不同，区别
2559,concede,v.承认；让步；允许
2560,understate,vt.轻描淡写，避重就轻地说
2561,cascara,n.【植】药鼠李；缓泻剂
2562,untapped,adj.未开发的，未使用的
2563,finch,n.雀类
2564,liquefy,v.（使）溶解，（使）液化
2565,reckless,adj.鲁莽的；不计后果的；无所顾忌的
2566,exhilarating,adj.令人高兴的，使人兴奋的
2567,consistent,"adj.坚持的, 固守的; 一贯的; 一致的; 符合的; 和谐的"
2568,ideology,n.思想体系；意识形态
2569,physician,n.内科医生
2570,barn,n.谷仓；牲口棚
2571,buckle,n.皮带扣环
2572,sake,"n.目的; 理由; 缘故; 利益, 好处; 清酒(一种日本米酒)"
2573,crack,v.（使）破裂，断裂；重击，猛击
2574,equitable,adj.公平的，公正的
2575,pulp,vt.使成浆状
2576,stiff,adj.不易弯曲的；硬的；挺直的；僵硬的
2577,foment,vt.煽动，挑起，激起
2578,dividend,n.红利，股息；回报，效益；被除数
2579,perspicuous,adj.（文章等）明白易懂的；明了的
2580,subconscious,n.下意识，潜意识
2581,envision,v.想象; 设想; 展望
2582,granular,adj.粒状的；含颗粒的
2583,rite,n.（宗教的）仪式，典礼
2584,incline,v.（使）倾向
2585,lateral,"adj.侧面的; 横向的; 平级的, 同级的"
2586,cohabitation,n.同居（现象或生活），同住
2587,vein,n.静脉；纹理，条纹；矿脉；矿层；风格，方式
2588,attentive,adj.注意的，专心的；关心的
2589,idealize,vt.将…理想化
2590,tickle,v.挠痒痒，感到发痒
2591,abate,v.（使）减少，减轻
2592,consort,v.(尤指别人反对的)结交; 厮混; 使联合; 使结合; 符合
2593,ration,n.配给量，定量；给养，口粮
2594,fuse,v.结合，融合；（使）熔化；因保险丝烧断而断电；合并
2595,unadorned,adj.未装饰的，朴实的
2596,braid,n.穗带，饰带；发辫
2597,firm,n.公司
2598,steep,adj.险峻的，陡峭的；急剧的，大幅度的；昂贵的
2599,familiarize,vt.使熟悉
2600,overhaul,vt.仔细检查；彻底检修
2601,pollutant,n.污染物质
2602,versatile,adj.多才多艺的，多方面的，多用途的
2603,crystallize,v.（使）结晶；（使）明确
2604,facilitate,v.促进；助长；使便利，使容易；帮助
2605,generic,adj.种类的，属的；一般的，普通的
2606,insanity,n.精神错乱，疯狂
2607,spun,v.（spin的过去分词）转动，旋转；粉饰；纺（线），纺（纱）
2608,crude,adj.粗糙的，简陋的；未加工的；粗鲁的
2609,hereditary,adj.遗传（性）的；可继承的，世袭的
2610,dump,vt.丢弃，倾倒；抛弃；推卸；倾销
2611,foul,adj.肮脏恶臭的；很令人不快的；很坏的
2612,larva,n.幼虫，幼体
2613,dehydrate,v.（使）脱水
2614,laudable,adj.值得赞美的，值得称赞的
2615,foremost,adj.最先的；最著名的，最重要的
2616,compass,n.罗盘，罗盘仪；圆规；范围
2617,catalyst,n.催化剂；刺激因素，促使因素
2618,syllable,n.音节
2619,scrape,v.刮掉，擦掉；（使）发出刺耳的刮擦声；勉强获得
2620,soybean,n.大豆
2621,spontaneous,adj.自发的，自然产生的
2622,impel,vt.驱使，促使
2623,dissent,vi.不同意，持异议
2624,fraudulent,adj.欺诈的，欺骗性的
2625,reproach,n.指责，斥责，批评
2626,arid,adj.干旱的；贫瘠的；无趣的
2627,apportionment,n.分派，分摊，分配
2628,radical,adj.根本的，彻底的；全新的；激进的，极端的
2629,arouse,vt.唤醒，唤起；激起，引起
2630,swift,adj.敏捷的，速度快的
2631,replicate,v.复制；再制，再生
2632,glorious,adj.壮丽的，辉煌的；光荣的；令人愉快的，极好的
2633,comply,v.遵从；服从；顺从
2634,proportion,"n.比例, 比; 部分; 份儿; 面积; 体积; 程度; 均衡, 相称"
2635,vain,adj.徒然的，无效的；自负的，虚荣的
2636,plaudit,n.［常复数］鼓掌，喝彩；赞誉，称赞
2637,unravel,v.澄清；解体，瓦解；解开
2638,eminent,adj.显著的，杰出的
2639,consecutive,adj.连续不断的，连贯的
2640,gilding,n.镀金；贴金层，镀金层；金色涂层
2641,unanimous,adj.一致的，一致同意的；意见一致的
2642,provision,n.提供，供应（品）；条文，条款；规定；给养，口粮；准备，预备
2643,elusive,adj.难以理解的，难懂的；难捕捉的；逃避的
2644,hammer,v.锤打
2645,grading,n.评分；等级
2646,brittle,adj.易碎的；脆弱的；（声音）尖利的
2647,courteous,adj.有礼貌的，客气的
2648,overt,adj.公开的，非秘密的
2649,infrared,adj.红外线的；产生红外线的
2650,cosmos,n.宇宙
2651,ambient,adj.周围环境的；产生轻松氛围的
2652,elective,adj.选举的；可选择的；选修的
2653,impair,vt.削弱；损害
2654,complement,v.补充，补足，使完美；使更具吸引力
2655,exclaim,v.惊叫，呼喊
2656,flap,n.摆动；振（翅）；忧虑；激动；封盖，袋盖
2657,surpass,v.超过；胜过；优于
2658,sled,n.雪橇；摘棉机
2659,excise,"n.国内货物税, 消费税"
2660,crustacean,n.甲壳类动物
2661,utter,adj.完全的；彻底的；十足的
2662,painstaking,"adj.辛苦的, 下苦功的; 仔细的; 煞费苦心的"
2663,tactic,n.手段，策略；［复数］战术
2664,verge,n.边缘；临界点；即将，接近
2665,stellar,adj.星的，恒星的，星球的；精彩的；优秀的
2666,groove,n.沟; 槽; (车)辙; 纹(道); 常规; 习惯; (流行乐)节奏; (演奏的)最佳状态; 理想境况; 称心的东西; 快活的经历
2667,spherical,adj.球形的，球状的
2668,hamper,v.妨碍；阻碍
2669,leftover,n.［常复数］残留物；吃剩的食物
2670,lunge,vi.猛冲，猛扑
2671,staggering,adj.摇晃的；蹒跚的；巨大的；令人吃惊的
2672,tally,n.记录；账
2673,prolific,adj.多产的；富有创造力的
2674,continuity,n.连贯性，连续性
2675,interrogate,vt.审问，讯问，盘问
2676,jeopardize,vt.破坏，危及
2677,middleman,n.中间人，调解人；经纪人
2678,confederacy,n.联盟，同盟，联邦；私党
2679,vestige,n.遗迹，残余；丝毫，一点儿
2680,cranial,adj.头盖骨的，颅骨的
2681,hormone,n.激素，荷尔蒙
2682,treadmill,n.踏车；枯燥乏味的工作（或生活方式）
2683,ooze,v.渗出，慢慢流出；洋溢着，充满
2684,morgue,n.停尸房，太平间
2685,asthma,n.哮喘（症）
2686,inheritance,n.遗产，继承物；继承；遗传（特征）
2687,shear,"v.剪切, 切断, 给（羊）剪（羊毛）, 剪（头发）"
2688,allure,n.诱惑，吸引
2689,intoxication,n.醉，醉酒；极度兴奋
2690,acclaim,n.喝彩，称赞
2691,granite,n.花岗岩，花岗石
2692,resent,v.愤恨，憎恶，怨恨
2693,frivolous,adj.琐碎的，无关紧要的；愚蠢的，可笑的；无聊的，不严肃的，轻佻的
2694,jot,vt.草草记下，匆匆记下
2695,sieve,n.筛子；漏勺
2696,gorgeous,adj.华丽的，灿烂的；漂亮的；令人愉快的
2697,petition,n.请愿书；诉状；祈求
2698,combustible,adj.可燃的，易燃的
2699,wick,n.蜡烛芯；灯芯
2700,dissipate,v.（使）消散，驱散；挥霍，浪费
2701,facet,n.（宝石的）小平面；（问题等的）方面
2702,tile,vt.铺瓦；铺地砖
2703,backup,n.后援，增援；（文件等的）备份
2704,decree,n.法令，政令；（法院的）裁定，判决
2705,convection,n.对流；传送
2706,sardonic,adj.嘲笑的，讥讽的
2707,troposphere,n.对流层
2708,intrepid,adj.勇敢的，无畏的
2709,gleam,v.发微光；闪烁；隐约闪光；（在眼中）闪现；表露
2710,panorama,n.全景，全貌；概观，综述
2711,zinc,n.锌
2712,cellist,n.大提琴演奏家
2713,coefficient,n.系数
2714,malice,n.恶意，怨恨
2715,corporate,adj.法人的，公司的；共同的，全体的
2716,glare,v.怒目而视，瞪视；发出强光
2717,moth,n.蛾
2718,repertoire,n.（剧团等的）常备剧目，保留剧目；（剧团、演员等的）可表演节目；全部才能
2719,copious,adj.丰富的，富饶的
2720,dilate,v.（使）膨胀，扩大；详述
2721,premier,"adj.首要的, 最著名的, 最成功的, 第一的"
2722,latent,adj.潜在的；潜伏的；隐藏的；休眠的
2723,originate,v.起源；发端于；创立；发明
2724,nectar,n.花蜜；甘美的饮料，琼浆玉液
2725,unsubstantiated,adj.未经证实的，无事实根据的
2726,connote,v.意味着；暗示
2727,cardiac,adj.心脏的；心脏病的
2728,tantalizing,adj.诱人的
2729,patronize,v.以高人一等的态度对待；光顾；赞助，资助
2730,cautious,adj.小心的，谨慎的
2731,puddle,n.水坑，水洼
2732,cradle,n.摇篮；发源地，发祥地；托架，吊篮
2733,inclination,n.倾向，意向；爱好，意愿；趋向，趋势；倾斜度；轻微的向下动作
2734,upsurge,n.（情绪）高涨；激增
2735,bluster,v.咆哮，叫嚷；（风）猛刮
2736,spike,n.钉子; 尖状物; 穗; 穗状花序; 猛增
2737,erratic,adj.古怪的，反复无常的；不规则的；不稳定的
2738,discern,"v.看出, 觉察出; 了解; 识别, 发现(某物); 辨明, 分清"
2739,quotient,n.商；份额
2740,replica,n.复制品
2741,millennium,"n.一千年, 千周年纪念日, 千禧年（复数millennia）"
2742,disarm,v.解除武装；裁军；消除（疑虑），消解（怒气等）
2743,auditorium,n.礼堂；观众席
2744,nomadic,adj.游牧的；流浪的
2745,prelude,n.前奏曲，序幕
2746,splash,v.溅湿，溅开；戏水；（报刊）以醒目方式刊登
2747,gin,n.杜松子酒；弹棉机，轧棉机
2748,swindle,vt.诈骗，骗取
2749,bustle,n.忙乱嘈杂，喧嚣
2750,creep,"v.悄悄地缓慢行进, 蹑手蹑脚地移动; 爬行, 匍匐; 逐渐发生, 不知不觉地出现; [植物]攀缘, 蔓生; [雾、云等]弥漫; 卑躬屈膝, 巴结奉承"
2751,congest,v.（使）充满，拥塞；（使）充血
2752,displace,v.取代，替代；转移；迫使（某人）离开家园
2753,mellow,adj.醇香的；柔和的；成熟的
2754,vow,n.誓言，誓约
2755,apportion,vt.分配；分派
2756,beak,n.鸟嘴，喙
2757,retrospect,n.回顾，反顾
2758,vicious,adj.狂暴的，残酷的；凶猛危险的；充满仇恨的；恶劣的，严重的
2759,verbiage,n.冗词，赘言，废话
2760,dogged,adj.顽强的，坚持不懈的；顽固的，固执的
2761,dispel,vt.驱散，驱逐；消除
2762,satiric,adj.讽刺的，嘲讽的
2763,notation,n.符号，记号
2764,rug,n.（小）地毯；围毯
2765,ambivalent,adj.对立的，感情矛盾的
2766,distasteful,adj.令人反感的，讨厌的；味道不佳的
2767,blizzard,n.暴风雪，大风雪
2768,consent,n.同意，许可
2769,invasive,adj.侵入的，侵略的；开刀的
2770,simmer,vi.充满（怒火），（愤怒）积聚；煨，炖
2771,picturesque,adj.如画的；别致的；（语言）生动的
2772,hygiene,n.卫生；卫生学
2773,espouse,vt.支持，拥护，赞成
2774,cereal,n.谷类食物；谷物
2775,conspicuous,adj.显眼的，明显的
2776,contender,n.竞争者，争夺者，对手
2777,pastel,adj.彩色蜡笔的；柔和的
2778,allege,"vt.断言, 宣称, 声称, 指控, 提出"
2779,lash,v.将（物品）系牢，捆绑；（风、雨等）猛烈打击；鞭打；猛烈抨击，严厉斥责
2780,tentative,"adj.试验性的; 不确定的; 暂时的; 犹豫的, 踌躇不决的"
2781,synonym,n.同义词
2782,sprain,n.扭伤
2783,morphology,n.形态学，形态论
2784,refurbish,vt.再装修，重新装饰
2785,proactive,adj.积极主动的；先发制人的
2786,absolve,vt.赦免；免除（责任、义务等）；宽恕
2787,heed,n.注意，留心
2788,inanity,n.空虚，空洞；无意义的事物
2789,despoil,vt.夺取，掠夺；毁坏，破坏
2790,deplore,vt.悲叹，哀叹，公开谴责
2791,commission,v.委任，委托
2792,candid,adj.坦白的，直率的，直言不讳的
2793,vagrant,n.无业游民，流浪者
2794,retain,v.保留；保持；保存
2795,accessory,adj.辅助的；副的
2796,dispatch,n.派遣；发送；急件；新闻报道
2797,shroud,vt.隐藏，遮蔽
2798,raft,n.筏，木排；充气船
2799,frugal,adj.节约的，节俭的；少量的
2800,amalgamation,n.融合，合并；联合，结合
2801,aerial,adj.空气中的；航空的，空中的
2802,livelihood,n.生计，谋生手段
2803,flock,n.兽群，鸟群；一大群；大量，众多；絮屑，毛棉填料；植绒材料，柔软贴料
2804,gravel,n.沙砾；砾石；石子
2805,territory,n.领土，领地；（知识）领域，范围
2806,impart,v.透露，告知；传授；赋予
2807,overcharge,v.讨价过高，索价过高；（使）过量装填；渲染，夸张
2808,hypocritical,adj.伪善的，虚伪的
2809,planetary,adj.行星的
2810,defer,v.推迟，延期
2811,flick,v.轻拍；（快速地）移动
2812,cease,v.停止，终止
2813,pancreas,n.胰腺
2814,momentous,adj.重大的，重要的
2815,turnout,n.（比赛、会议等的）出席人数；产量，产额
2816,foliage,n.（植物的）叶
2817,stylized,adj.（绘画、写作等手法）非写实的；程式化的
2818,methanol,n.甲醇
2819,tug,n.（突然的）猛拉；一股强烈的感情
2820,stagecoach,n.公共马车，驿站马车
2821,methane,n.甲烷，沼气
2822,ascertain,v.查明；弄清
2823,coalition,n.联盟，同盟；结合，联合
2824,charcoal,n.木炭；炭笔
2825,overlook,v.俯视，眺望；忽略，忽视
